http://www.allergenonline.org/celiacbrowse.shtml|University of Nebraska-Lincoln|Richard Goodman|John Wise|Sreedevi Lalithambika
type|sequence|immunogenic|toxic
alpha-gliadin|VPVPQLQPQNPSQQQPQEQVPL|0|1
alpha-gliadin|VQQQQFPGQQQPFPPQQPYPQPQPFPSQQPY|0|1
alpha-gliadin|VRVPVPQLQPQNPSQQQPQ|1|0
alpha-gliadin|QNPSQQQPQEQVPLVQQQ|1|0
alpha-gliadin|FPGQQQPFPPQQPYPQPQPF|1|0
alpha-gliadin|PQPQPFPSQQPY|0|0
alpha-gliadin|YLQLQPFPQPQLPYPQPQLP|1|0
alpha-gliadin|YLQLQPFPQPQLPYP|1|0
alpha-gliadin|LQLQPFPQPQLPYPQPQLPYPQPQLPYPQPQPF|1|0
alpha-gliadin|LQLQPFPQPELPYPQPELPYPQPELPYPQPQPF|1|0
alpha-gliadin|LQLQPFPQPQLPYPQPQLPY|0|0
alpha-gliadin|LQLQPFPQPELPYPQPQLPY|1|0
alpha-gliadin|LQLQPFPQPQLPY|1|0
alpha-gliadin|LQLQPFPQPELPY|1|0
alpha-gliadin|QLQPFPQPQLPYPQPQ|1|0
alpha-gliadin|QLQPFPQPQLPYPQP|1|0
alpha-gliadin|QLQPFPQPQLPYTHP|1|0
alpha-gliadin|QLRPFPQPQLPYPQP|1|0
alpha-gliadin|QLQPFPHPQLPYPHP|1|0
alpha-gliadin|QLQPFPQAQLPYPQP|1|0
alpha-gliadin|QLQPFPQPQLPYPQ|1|0
alpha-gliadin|QLQPFPQPELPYPQ|1|0
alpha-gliadin|QLQPFPQPQLPY|1|0
alpha-gliadin|QLQPFPQPELPY|1|0
alpha-gliadin|QLQPFPEPQLPY|1|0
alpha-gliadin|QLQPFPEPELPY|1|0
alpha-gliadin|QLQPFPQQQLPY|1|0
alpha-gliadin|QLQPFPEQQLPY|1|0
alpha-gliadin|QLQPFPQQELPY|1|0
alpha-gliadin|QLQPFPEQELPY|1|0
alpha-gliadin|LQPFPQPQLPYPQPQ|1|0
alpha-gliadin|LQPFPQPELPYPQPQ|1|0
alpha-gliadin|LQPFPQSQLPYPQPQ|1|0
alpha-gliadin|LQPFPQSELPYPQPQ|1|0
alpha-gliadin|LQPFPQPQLPY|1|0
alpha-gliadin|LQPFPQPELPY|1|0
alpha-gliadin|QPFPQPQLPYPQPQLPY|1|0
alpha-gliadin|QPFPQPELPYPQPQLPY|1|0
alpha-gliadin|QPFPQPQLPYPQPELPY|1|0
alpha-gliadin|QPFPQPELPYPQPELPY|1|0
alpha-gliadin|QPFPQPQLPY|1|0
alpha-gliadin|QPFPQPELPY|1|0
alpha-gliadin|PFPQPQLPYPQPQLP|1|0
alpha-gliadin|PFPQPQLPYPQ|1|0
alpha-gliadin|PFPQPELPYPQ|1|0
alpha-gliadin|PFPQPQLPYTH|1|0
alpha-gliadin|PFPQPELPYTH|1|0
alpha-gliadin|PFPHPQLPYPQ|1|0
alpha-gliadin|PFPHPELPYPQ|1|0
alpha-9 gliadin|PFPQPQLPY|1|0
alpha-9 gliadin|PFPQPELPY|1|0
alpha-gliadin|PQPQLPYPQPQLPY|1|0
alpha-gliadin|PQPQLPYPQPELPY|1|0
alpha-gliadin|PQPELPYPQPQLPY|1|0
alpha-gliadin|PQPELPYPQPELPY|1|0
alpha-gliadin|PQPELPYPAPQLPY|1|0
alpha-gliadin|PQPELPYPQPALPY|1|0
alpha-gliadin|PQPELPYPQPQAPY|1|0
alpha-gliadin|PQPELPYPQPQLAY|1|0
alpha-gliadin|PQPELPYPQPQLPA|1|0
alpha-gliadin|PQPQLPYPQPQL|1|0
alpha-gliadin|PQPELPYPQPQL|1|0
alpha-gliadin|PQPQLPYPQPQ|1|0
alpha-gliadin|PQPELPYPQPE|1|0
alpha-2 gliadin|PQPQLPYPQ|1|0
alpha-2 gliadin|PQPELPYPQ|1|0
alpha-gliadin|QPQLPYPQPQLPYPQ|1|0
alpha-gliadin|PQLPYPQPQLPYPQPQLPYP|1|0
alpha-gliadin|PQLPYPQPQLPY|1|0
alpha-gliadin|PQLPYPQPELPY|1|0
alpha-gliadin|LQLPFPQPQLPY|1|0
alpha-gliadin|LQLPFPQPELPY|1|0
alpha-gliadin|PQLPQFLQPQPYPQPQLPYPQPQPF|1|0
alpha-gliadin|PELPQFLQPQPYPQPQLPYPQPQPF|1|0
alpha-gliadin|PQLPQFLQPQPYPQPELPYPQPQPF|1|0
alpha-gliadin|PELPQFLQPQPYPQPELPYPQPQPF|1|0
alpha-gliadin|QLPYPQPQLPYPQPQ|1|0
alpha-gliadin|QLPYPQPQLPYPQ|1|0
alpha-gliadin|QLPYPQPELPYPQ|1|0
alpha-gliadin|LPYPQPQLPYPQ|1|0
alpha-3 gliadin|PYPQPQLPY|1|0
alpha-3 gliadin|PYPQPELPY|1|0
alpha-gliadin|QPQPYPQPQLPYPQPQPF|1|0
alpha-gliadin|QPQPYPQPELPYPQPQPF|1|0
alpha-gliadin|PQLPYPQPQLPYPQPQPFRP|1|0
alpha-gliadin|PQLPYPQPELPYPQPQPFRP|1|0
alpha-gliadin|YPQPQLPYPQPQPFRP|1|0
alpha-gliadin|YPQPELPYPQPQPFRP|1|0
alpha-gliadin|YPQPQLPYPQPQPFR|1|0
alpha-20 gliadin|FRPQQPYPQ|1|0
alpha-20 gliadin|FRPEQPYPQ|1|0
alpha-gliadin|QQPQQQYPSGQGSFQPSQQNPQAQG|1|0
alpha-gliadin|QQPQQQYPSGQGSFQPSQQNPQAQ|1|0
alpha-gliadin|QQPQQQYPSGEGSFQPSQENPQAQ|1|0
alpha-gliadin|QQPQQQYPSGEGSFQPSQQNPQAQ|1|0
alpha-gliadin|QQPQQQYPSGQGSFQPSQENPQAQ|1|0
alpha-gliadin|QPQQQYPSGQGSFQPSQQNP|1|0
alpha-gliadin|QQYPSGQGSFQPSQQNPQ|1|0
alpha-gliadin|QYPSGQGSFQPSQQNPQA|1|0
alpha-gliadin|QYPSGEGSFQPSQENPQA|1|0
alpha-gliadin|YPSGQGSFQPSQQNP|1|0
alpha-gliadin|PSGQGSFQPSQQNPQAQG|1|0
alpha-gliadin|PSGQGSFQPSQQ|1|0
alpha-gliadin|PSGQGSFQPSQ|1|0
alpha-gliadin|SGQGSFQPSQQN|1|0
alpha-gliadin|SGQGSFQPSEQN|1|0
alpha-gliadin|SGEGSFQPSQQN|1|0
alpha-gliadin|SGQGSFQPSQEN|1|0
alpha-gliadin|SGEGSFQPSQEN|1|0
alpha-gliadin|GQGSFQPSQ|1|0
alpha-2 gliadin|QGSFQPSQQ|1|0
alpha-2 gliadin|EGSFQPSQQ|1|0
alpha-2 gliadin|QGSFQPSQE|1|0
alpha-2 gliadin|EGSFQPSQE|1|0
alpha-gliadin|GSFQPSQQNPQAQGS|1|0
alpha-gliadin|QAQGSVQPQQLPQFE|1|0
alpha-gliadin|MQLQPFPQPQLPYPQPQLPY|1|0
alpha-gliadin|MQLQPFPQPELPYPQPQLPY|1|0
alpha-gliadin|QLQPFPQPELPYPQPQ|1|0
alpha-gliadin|ELQPFPQPELPYPQPQ|1|0
alpha-gliadin|QPFPQPQLPYPQ|1|0
alpha-gliadin|QPFPQPELPYPQ|1|0
gamma-gliadin|PQPFPPQLPYPQPQLPYPQP|1|0
gamma-gliadin|PQPFPPQLPYPQPELPYPQP|1|0
gamma-gliadin|LPYPQPELPYPQ|1|0
alpha-gliadin|VAHAIIMHQQQQQQQEQKQQ|1|0
alpha-gliadin|VAHAIIMHQQQQQQQE|1|0
alpha-gliadin|AGQQQPFPPQQPYPQPQPF|0|1
alpha-gliadin|LGQQQAFPPQQPYPQPQPF|0|1
alpha-gliadin|PQPFRPQQPYPQPQPQ|1|0
alpha-gliadin|PQPFRPEQPYPQPQPQ|1|0
alpha-gliadin|PFRPQQPYPQPQPQ|1|0
alpha-gliadin|PFRPEQPYPQPQPQ|1|0
alpha-gliadin|PQQPYPQPQPQ|1|0
alpha-gliadin|PEQPYPQPQPQ|1|0
alpha-gliadin|QLIPCMDVVL|1|0
alpha-gliadin|LGQGSFRPSQQN|0|1
alpha-gliadin|VRVPVPQLQPQNPSQQQPQEQVPLVQQQQFLGQQQPFPPQQPYPQPQPFPSQQPY|0|1
alpha-gliadin|VRVPVPQLQPQNPSQQQPQEQVPLVQQQQF|0|1
alpha-gliadin|VPVPQLQPQNPSQQQPQEQVPLVQQQQFGGQQQPFPPQQPYPQPQPFPSQQPY|0|0
alpha-gliadin|QVPLVQQQQFLGQQQPFPPQ|1|0
alpha-gliadin|QFLGQQQPFPPQQPYPQPQ|1|0
alpha-gliadin|FLGQQQPFPPQQPYPQPQ|1|0
alpha-gliadin|LGQQQPFPPQQPYPQPQPFPSQQPY|0|0
alpha-gliadin|LGQQQPFPPQQPYPQPQPF|0|0
alpha-gliadin|LGQQQPFPPQQPYPQPQ|1|0
alpha-gliadin|LGQQQPFPPQQPY|0|0
alpha-gliadin|AMCNVYIPPYCAMAPFGIFG|1|0
alpha-gliadin|CPQPFPSQQPYLQLQG|1|0
alpha-gliadin|CPQLQPQNPSQQQPQEQG|1|0
alpha-gliadin|SQQPYLQLQPFPQPQLPYSQ|0|1
alpha-gliadin|LQLQPFPQPQLPYSQPQPFR|1|0
alpha-gliadin|LQLQPFPQPELPYSQPQPFR|1|0
alpha-gliadin|QLQPFPQPQLPYSQP|1|0
alpha-gliadin|LQPFPQPQLPYSQPQ|1|0
alpha-gliadin|LQPFPQPELPYSQPQ|1|0
alpha-gliadin|LQPFPQSQLPYSQPQ|1|0
alpha-gliadin|LQPFPQSELPYSQPQ|1|0
alpha-gliadin|QPFPQPQLPYSQ|1|0
alpha-gliadin|QPFPQPELPYSQ|1|0
alpha-gliadin|PFPQPQLPYSQ|1|0
alpha-gliadin|PFPQPELPYSQ|1|0
alpha-gliadin|QQYPLGQGSFRPSQQNPQA|0|1
alpha-gliadin|VYIPPYCTIAPFGIFGTNYR|1|0
alpha-gliadin|LQLQPFPQPQLPYLQPQPFR|1|0
alpha-gliadin|LQLQPFPQPELPYLQPQPFR|1|0
alpha-gliadin|QLQPFPQPQLPYLQP|1|0
alpha-gliadin|QPFPQPQLPYLQ|1|0
alpha-gliadin|QPFPQPELPYLQ|1|0
alpha-gliadin|PPYCTIVPFGIFGTNYR|1|0
alpha-gliadin|LQLQPFPQPQLPYPQPQPFR|1|0
alpha-gliadin|QLQPFPQPQLPYPQPQP|1|0
alpha-gliadin|QLQPFPQPELPYPQPQP|1|0
alpha-gliadin|QLQPFPQPTLPYPQPQS|1|0
alpha-gliadin|QLQPFPQPQLPYPQPQS|1|0
alpha-gliadin|QLQPFPQPELPYPQPQS|1|0
alpha-gliadin|LQPFPQPQPFLPQLPYPQPQ|1|0
alpha-gliadin|PQPQPFLPQLPYPQPQS|1|0
alpha-gliadin|PQPQPFLPELPYPQPQS|1|0
alpha-gliadin|QPQPFLPQLPYPQP|1|0
alpha-gliadin|EPQPFLPELPYPQP|1|0
alpha-gliadin|PQPFLPQLPYPQ|1|0
alpha-gliadin|FPGQQQQFPPQQPYPQPQPF|1|0
alpha-gliadin|PQPQPFPPQLPYPQPQS|1|0
alpha-gliadin|PQPQPFPPELPYPQPQS|1|0
omega-gliadin|PFTQPQQPTPIQPQQPFPQQ|1|0
omega-gliadin|PFTQPQQPTPI|1|0
omega-gliadin|TPIQPQQPFPQQPQQPQQPF|1|0
omega-gliadin|TPIQPQQPFPQ|1|0
omega-gliadin|PQQPFPQQPQQP|1|0
omega-gliadin|PQQPQQPQQPFPQPQQPFPW|1|0
omega-gliadin|PQQPQQPFPQPQQPFPWQPQ|1|0
omega-gliadin|PQQPQQPFPQPQQPF|1|0
omega-gliadin|QQPQQPFPQPQQPFP|1|0
omega-gliadin|QPQQPFPQPQQPFPWQP|1|0
omega-gliadin|QPEQPFPQPQQPFPWQP|1|0
omega-gliadin|QPEQPFPQPEQPFPWQP|1|0
omega-gliadin|QPQQPFPQPEQPFPWQP|1|0
omega-gliadin|KPFPQPEQPFPWQP|1|0
omega-gliadin|QKFPQPEQPFPWQP|1|0
omega-gliadin|QPKPQPEQPFPWQP|1|0
omega-gliadin|QPFPQPEQPFKWQP|1|0
omega-gliadin|QPFPQPEQPFPKQP|1|0
omega-gliadin|QPFPQPEQPFPWKP|1|0
omega-gliadin|QPFPQPEQPFPWQK|1|0
omega-gliadin|QPQQPFPQPQQPFPW|1|0
omega-gliadin|PQQPFPQPQQPFPWQ|1|0
omega-gliadin|QQPFPQPQQPFPWQP|1|0
omega-gliadin|EQPFPQPEQPFPWQP|1|0
omega-gliadin|QPFPQPQQPFPWQPQQPFPQ|1|0
omega-gliadin|QPFPQPEQPFPWQPQQPFPQ|1|0
omega-gliadin|QPFPQPQQPFPW|1|0
omega-gliadin|QPFPQPEQPFPW|1|0
omega-II gliadin|PQPEQPFPW|1|0
omega-II gliadin|PQPQQPFPW|1|0
omega-gliadin|PFPWQPQQPFPQ|1|0
omega-gliadin|PFPWQPEQPFPQ|1|0
omega-gliadin|PLQPQQPFPQQPQQPFPQPQ|1|0
omega-gliadin|FPQQPQQPFPQPQLPFPQQS|1|0
omega-gliadin|QQPQQPFPQPQLPFPQQSEQ|1|0
omega-gliadin|QPFPQPQLPFPQ|1|0
omega-gliadin|QQPFPQQPQQPFPQPQQPIP|1|0
omega-gliadin|PFPQQPQQPFPQ|1|0
omega-gliadin|PQQPQQPFPQPQQPIPVQPQ|1|0
omega-gliadin|PFPQPQQPIPV|1|0
omega-gliadin|QPQQPIPVQPQQSFPQQSQQ|1|0
omega-gliadin|FPELQQPIPQQPQQPFPLQP|1|0
omega-gliadin|PIPQQPQQPFPL|1|0
omega-gliadin|PQQPQQPFPLQPQQPFPQQP|1|0
omega-gliadin|PFPLQPQQPFPQ|1|0
omega-gliadin|PFPQQPQQPFPQQPQQSFPQ|1|0
omega5-gliadin/LMW glutenin|QQQQIPQQPQQF|1|0
omega5-gliadin/LMW glutenin|QQQQLPQQPQQF|1|0
omega5-gliadin/LMW glutenin|QEQQIPEQPQQF|1|0
omega5-gliadin/LMW glutenin|QEQQLPEQPQQF|1|0
omega5-gliadin/LMW glutenin|QIPQQPQQF|1|0
omega5-gliadin/LMW glutenin|QIPEQPQQF|1|0
omega5-gliadin/LMW glutenin|QLPQQPQQF|1|0
omega5-gliadin/LMW glutenin|QLPEQPQQF|1|0
omega5-gliadin/LMW glutenin|EIPEQPQQF|1|0
omega5-gliadin/LMW glutenin|ELPEQPQQF|1|0
gamma-gliadin or LMW glutenin|QQISQPQIPQQQQIPQQPQQF|1|0
gamma-gliadin or LMW glutenin|QEISQPQIPQQQQIPQQPQQF|1|0
gamma-gliadin or LMW glutenin|QQISQPEIPQQQQIPQQPQQF|1|0
gamma-gliadin or LMW glutenin|QQISQPQIPQEQQIPQQPQQF|1|0
gamma-gliadin or LMW glutenin|QQISQPQIPQQQEIPQQPQQF|1|0
gamma-gliadin or LMW glutenin|QEISQPEIPQQQQIPQQPQQF|1|0
gamma-gliadin or LMW glutenin|QEISQPQIPQEQQIPQQPQQF|1|0
gamma-gliadin or LMW glutenin|QEISQPQIPQQQEIPQQPQQF|1|0
gamma-gliadin or LMW glutenin|QQISQPEIPQEQQIPQQPQQF|1|0
gamma-gliadin or LMW glutenin|QQISQPEIPQQQEIPQQPQQF|1|0
gamma-gliadin or LMW glutenin|QQISQPQIPQEQEIPQQPQQF|1|0
gamma-gliadin or LMW glutenin|QEISQPEIPQEQQIPQQPQQF|1|0
gamma-gliadin or LMW glutenin|QEISQPEIPQQQEIPQQPQQF|1|0
gamma-gliadin or LMW glutenin|QEISQPQIPQEQEIPQQPQQF|1|0
gamma-gliadin or LMW glutenin|QQISQPEIPQEQEIPQQPQQF|1|0
gamma-gliadin or LMW glutenin|QEISQPEIPQEQEIPQQPQQF|1|0
gamma-gliadin or LMW glutenin|QQISQPQLPQQQQIPQQPQQF|1|0
gamma-gliadin or LMW glutenin|QEISQPQLPQQQQIPQQPQQF|1|0
gamma-gliadin or LMW glutenin|QQISQPELPQQQQIPQQPQQF|1|0
gamma-gliadin or LMW glutenin|QQISQPQLPQEQQIPQQPQQF|1|0
gamma-gliadin or LMW glutenin|QQISQPQLPQQQEIPQQPQQF|1|0
gamma-gliadin or LMW glutenin|QEISQPELPQQQQIPQQPQQF|1|0
gamma-gliadin or LMW glutenin|QEISQPQLPQEQQIPQQPQQF|1|0
gamma-gliadin or LMW glutenin|QEISQPQLPQQQEIPQQPQQF|1|0
gamma-gliadin or LMW glutenin|QQISQPELPQEQQIPQQPQQF|1|0
gamma-gliadin or LMW glutenin|QQISQPELPQQQEIPQQPQQF|1|0
gamma-gliadin or LMW glutenin|QQISQPQLPQEQEIPQQPQQF|1|0
gamma-gliadin or LMW glutenin|QEISQPELPQEQQIPQQPQQF|1|0
gamma-gliadin or LMW glutenin|QEISQPELPQQQEIPQQPQQF|1|0
gamma-gliadin or LMW glutenin|QEISQPQLPQEQEIPQQPQQF|1|0
gamma-gliadin or LMW glutenin|QQISQPELPQEQEIPQQPQQF|1|0
gamma-gliadin or LMW glutenin|QEISQPELPQEQEIPQQPQQF|1|0
gamma-gliadin or LMW glutenin|QQISQPQIPQQQQLPQQPQQF|1|0
gamma-gliadin or LMW glutenin|QEISQPQIPQQQQLPQQPQQF|1|0
gamma-gliadin or LMW glutenin|QQISQPEIPQQQQLPQQPQQF|1|0
gamma-gliadin or LMW glutenin|QQISQPQIPQEQQLPQQPQQF|1|0
gamma-gliadin or LMW glutenin|QQISQPQIPQQQELPQQPQQF|1|0
gamma-gliadin or LMW glutenin|QEISQPEIPQQQQLPQQPQQF|1|0
gamma-gliadin or LMW glutenin|QEISQPQIPQEQQLPQQPQQF|1|0
gamma-gliadin or LMW glutenin|QEISQPQIPQQQELPQQPQQF|1|0
gamma-gliadin or LMW glutenin|QQISQPEIPQEQQLPQQPQQF|1|0
gamma-gliadin or LMW glutenin|QQISQPEIPQQQELPQQPQQF|1|0
gamma-gliadin or LMW glutenin|QQISQPQIPQEQELPQQPQQF|1|0
gamma-gliadin or LMW glutenin|QEISQPEIPQEQQLPQQPQQF|1|0
gamma-gliadin or LMW glutenin|QEISQPEIPQQQELPQQPQQF|1|0
gamma-gliadin or LMW glutenin|QEISQPQIPQEQELPQQPQQF|1|0
gamma-gliadin or LMW glutenin|QQISQPEIPQEQELPQQPQQF|1|0
gamma-gliadin or LMW glutenin|QEISQPEIPQEQELPQQPQQF|1|0
gamma-gliadin or LMW glutenin|QQLSQPQIPQQQQIPQQPQQF|1|0
gamma-gliadin or LMW glutenin|QELSQPQIPQQQQIPQQPQQF|1|0
gamma-gliadin or LMW glutenin|QQLSQPEIPQQQQIPQQPQQF|1|0
gamma-gliadin or LMW glutenin|QQLSQPQIPQEQQIPQQPQQF|1|0
gamma-gliadin or LMW glutenin|QQLSQPQIPQQQEIPQQPQQF|1|0
gamma-gliadin or LMW glutenin|QELSQPEIPQQQQIPQQPQQF|1|0
gamma-gliadin or LMW glutenin|QELSQPQIPQEQQIPQQPQQF|1|0
gamma-gliadin or LMW glutenin|QELSQPQIPQQQEIPQQPQQF|1|0
gamma-gliadin or LMW glutenin|QQLSQPEIPQEQQIPQQPQQF|1|0
gamma-gliadin or LMW glutenin|QQLSQPEIPQQQEIPQQPQQF|1|0
gamma-gliadin or LMW glutenin|QQLSQPQIPQEQEIPQQPQQF|1|0
gamma-gliadin or LMW glutenin|QELSQPEIPQEQQIPQQPQQF|1|0
gamma-gliadin or LMW glutenin|QELSQPEIPQQQEIPQQPQQF|1|0
gamma-gliadin or LMW glutenin|QELSQPQIPQEQEIPQQPQQF|1|0
gamma-gliadin or LMW glutenin|QQLSQPEIPQEQEIPQQPQQF|1|0
gamma-gliadin or LMW glutenin|QELSQPEIPQEQEIPQQPQQF|1|0
gamma-gliadin or LMW glutenin|QQLSQPQLPQQQQIPQQPQQF|1|0
gamma-gliadin or LMW glutenin|QELSQPQLPQQQQIPQQPQQF|1|0
gamma-gliadin or LMW glutenin|QQLSQPELPQQQQIPQQPQQF|1|0
gamma-gliadin or LMW glutenin|QQLSQPQLPQEQQIPQQPQQF|1|0
gamma-gliadin or LMW glutenin|QQLSQPQLPQQQEIPQQPQQF|1|0
gamma-gliadin or LMW glutenin|QELSQPELPQQQQIPQQPQQF|1|0
gamma-gliadin or LMW glutenin|QELSQPQLPQEQQIPQQPQQF|1|0
gamma-gliadin or LMW glutenin|QELSQPQLPQQQEIPQQPQQF|1|0
gamma-gliadin or LMW glutenin|QQLSQPELPQEQQIPQQPQQF|1|0
gamma-gliadin or LMW glutenin|QQLSQPELPQQQEIPQQPQQF|1|0
gamma-gliadin or LMW glutenin|QQLSQPQLPQEQEIPQQPQQF|1|0
gamma-gliadin or LMW glutenin|QELSQPELPQEQQIPQQPQQF|1|0
gamma-gliadin or LMW glutenin|QELSQPELPQQQEIPQQPQQF|1|0
gamma-gliadin or LMW glutenin|QELSQPQLPQEQEIPQQPQQF|1|0
gamma-gliadin or LMW glutenin|QQLSQPELPQEQEIPQQPQQF|1|0
gamma-gliadin or LMW glutenin|QELSQPELPQEQEIPQQPQQF|1|0
gamma-gliadin or LMW glutenin|QQLSQPQIPQQQQLPQQPQQF|1|0
gamma-gliadin or LMW glutenin|QELSQPQIPQQQQLPQQPQQF|1|0
gamma-gliadin or LMW glutenin|QQLSQPEIPQQQQLPQQPQQF|1|0
gamma-gliadin or LMW glutenin|QQLSQPQIPQEQQLPQQPQQF|1|0
gamma-gliadin or LMW glutenin|QQLSQPQIPQQQELPQQPQQF|1|0
gamma-gliadin or LMW glutenin|QELSQPEIPQQQQLPQQPQQF|1|0
gamma-gliadin or LMW glutenin|QELSQPQIPQEQQLPQQPQQF|1|0
gamma-gliadin or LMW glutenin|QELSQPQIPQQQELPQQPQQF|1|0
gamma-gliadin or LMW glutenin|QQLSQPEIPQEQQLPQQPQQF|1|0
gamma-gliadin or LMW glutenin|QQLSQPEIPQQQELPQQPQQF|1|0
gamma-gliadin or LMW glutenin|QQLSQPQIPQEQELPQQPQQF|1|0
gamma-gliadin or LMW glutenin|QELSQPEIPQEQQLPQQPQQF|1|0
gamma-gliadin or LMW glutenin|QELSQPEIPQQQELPQQPQQF|1|0
gamma-gliadin or LMW glutenin|QELSQPQIPQEQELPQQPQQF|1|0
gamma-gliadin or LMW glutenin|QQLSQPEIPQEQELPQQPQQF|1|0
gamma-gliadin or LMW glutenin|QELSQPEIPQEQELPQQPQQF|1|0
gamma-gliadin or LMW glutenin|QQISQPQLPQQQQLPQQPQQF|1|0
gamma-gliadin or LMW glutenin|QEISQPQLPQQQQLPQQPQQF|1|0
gamma-gliadin or LMW glutenin|QQISQPELPQQQQLPQQPQQF|1|0
gamma-gliadin or LMW glutenin|QQISQPQLPQEQQLPQQPQQF|1|0
gamma-gliadin or LMW glutenin|QQISQPQLPQQQELPQQPQQF|1|0
gamma-gliadin or LMW glutenin|QEISQPELPQQQQLPQQPQQF|1|0
gamma-gliadin or LMW glutenin|QEISQPQLPQEQQLPQQPQQF|1|0
gamma-gliadin or LMW glutenin|QEISQPQLPQQQELPQQPQQF|1|0
gamma-gliadin or LMW glutenin|QQISQPELPQEQQLPQQPQQF|1|0
gamma-gliadin or LMW glutenin|QQISQPELPQQQELPQQPQQF|1|0
gamma-gliadin or LMW glutenin|QQISQPQLPQEQELPQQPQQF|1|0
gamma-gliadin or LMW glutenin|QEISQPELPQEQQLPQQPQQF|1|0
gamma-gliadin or LMW glutenin|QEISQPELPQQQELPQQPQQF|1|0
gamma-gliadin or LMW glutenin|QEISQPQLPQEQELPQQPQQF|1|0
gamma-gliadin or LMW glutenin|QQISQPELPQEQELPQQPQQF|1|0
gamma-gliadin or LMW glutenin|QEISQPELPQEQELPQQPQQF|1|0
gamma-gliadin or LMW glutenin|QQLSQPQLPQQQQLPQQPQQF|1|0
gamma-gliadin or LMW glutenin|QELSQPQLPQQQQLPQQPQQF|1|0
gamma-gliadin or LMW glutenin|QQLSQPELPQQQQLPQQPQQF|1|0
gamma-gliadin or LMW glutenin|QQLSQPQLPQEQQLPQQPQQF|1|0
gamma-gliadin or LMW glutenin|QQLSQPQLPQQQELPQQPQQF|1|0
gamma-gliadin or LMW glutenin|QELSQPELPQQQQLPQQPQQF|1|0
gamma-gliadin or LMW glutenin|QELSQPQLPQEQQLPQQPQQF|1|0
gamma-gliadin or LMW glutenin|QELSQPQLPQQQELPQQPQQF|1|0
gamma-gliadin or LMW glutenin|QQLSQPELPQEQQLPQQPQQF|1|0
gamma-gliadin or LMW glutenin|QQLSQPELPQQQELPQQPQQF|1|0
gamma-gliadin or LMW glutenin|QQLSQPQLPQEQELPQQPQQF|1|0
gamma-gliadin or LMW glutenin|QELSQPELPQEQQLPQQPQQF|1|0
gamma-gliadin or LMW glutenin|QELSQPELPQQQELPQQPQQF|1|0
gamma-gliadin or LMW glutenin|QELSQPQLPQEQELPQQPQQF|1|0
gamma-gliadin or LMW glutenin|QQLSQPELPQEQELPQQPQQF|1|0
gamma-gliadin or LMW glutenin|QELSQPELPQEQELPQQPQQF|1|0
gamma-gliadin|QQFLQPQQPFPQQPQQPYPQ|1|0
gamma-gliadin|QQFLQPQQPFPQQPQQP|1|0
gamma-gliadin|FLQPQQPFPQQPQQPYPQQPQQPFPQ|1|0
gamma-gliadin|FLQPEQPFPQQPQQPYPQQPQQPFPQ|1|0
gamma-gliadin|FLQPQQPFPEQPQQPYPQQPQQPFPQ|1|0
gamma-gliadin|FLQPQQPFPQQPEQPYPQQPQQPFPQ|1|0
gamma-gliadin|FLQPQQPFPQQPQQPYPEQPQQPFPQ|1|0
gamma-gliadin|FLQPQQPFPQQPQQPYPQQPEQPFPQ|1|0
gamma-gliadin|FLQPEQPFPEQPQQPYPQQPQQPFPQ|1|0
gamma-gliadin|FLQPEQPFPQQPEQPYPQQPQQPFPQ|1|0
gamma-gliadin|FLQPEQPFPQQPQQPYPEQPQQPFPQ|1|0
gamma-gliadin|FLQPEQPFPQQPQQPYPQQPEQPFPQ|1|0
gamma-gliadin|FLQPQQPFPEQPEQPYPQQPQQPFPQ|1|0
gamma-gliadin|FLQPQQPFPEQPQQPYPEQPQQPFPQ|1|0
gamma-gliadin|FLQPQQPFPEQPQQPYPQQPEQPFPQ|1|0
gamma-gliadin|FLQPQQPFPQQPEQPYPEQPQQPFPQ|1|0
gamma-gliadin|FLQPQQPFPQQPEQPYPQQPEQPFPQ|1|0
gamma-gliadin|FLQPQQPFPQQPQQPYPEQPEQPFPQ|1|0
gamma-gliadin|FLQPEQPFPEQPEQPYPQQPQQPFPQ|1|0
gamma-gliadin|FLQPEQPFPEQPQQPYPEQPQQPFPQ|1|0
gamma-gliadin|FLQPEQPFPEQPQQPYPQQPEQPFPQ|1|0
gamma-gliadin|FLQPQQPFPEQPEQPYPEQPQQPFPQ|1|0
gamma-gliadin|FLQPQQPFPEQPEQPYPQQPEQPFPQ|1|0
gamma-gliadin|FLQPQQPFPQQPEQPYPEQPEQPFPQ|1|0
gamma-gliadin|FLQPEQPFPEQPEQPYPEQPEQPFPQ|1|0
gamma-gliadin|LQPQQPFPQQPQQPYPQQPQ|1|0
gamma-gliadin|LQPEQPFPQQPQQPYPQQPQ|1|0
gamma-gliadin|LQPQQPFPEQPQQPYPQQPQ|1|0
gamma-gliadin|LQPQQPFPQQPEQPYPQQPQ|1|0
gamma-gliadin|LQPQQPFPQQPQQPYPEQPQ|1|0
gamma-gliadin|LQPEQPFPEQPQQPYPQQPQ|1|0
gamma-gliadin|LQPEQPFPQQPEQPYPQQPQ|1|0
gamma-gliadin|LQPEQPFPQQPQQPYPEQPQ|1|0
gamma-gliadin|LQPQQPFPEQPEQPYPQQPQ|1|0
gamma-gliadin|LQPQQPFPEQPQQPYPEQPQ|1|0
gamma-gliadin|LQPQQPFPQQPEQPYPEQPQ|1|0
gamma-gliadin|LQPEQPFPEQPEQPYPQQPQ|1|0
gamma-gliadin|LQPEQPFPEQPQQPYPEQPQ|1|0
gamma-gliadin|LQPQQPFPEQPEQPYPEQPQ|1|0
gamma-gliadin|LQPEQPFPEQPEQPYPEQPQ|1|0
gamma-gliadin|PQQPFPQQPQQPYPQQP|1|0
gamma-gliadin|PQQPFPQQPQQPY|1|0
gamma-gliadin|PQQPFPEQPQQPY|1|0
gamma-gliadin|PEQPFPEQPQQPY|1|0
gamma-gliadin|PQQPFPEQPEQPY|1|0
gamma-gliadin|PEQPFPEQPEQPY|1|0
gamma-gliadin|PQQPFPQQPQQ|1|0
gamma-gliadin|PQQPFPEQPQQ|1|0
gamma-gliadin|PEQPFPEQPEQ|1|0
gamma-gliadin|QQPFPQQPQQPYPQQPQQPFPQP|1|0
gamma-gliadin|EQPFPEQPEQPYPEQPEQPFPQP|1|0
gamma-gliadin|QQPFPQQPQQPYPQ|1|0
gamma-5 gliadin|QQPFPQQPQ|1|0
gamma-5 gliadin|QQPFPEQPQ|1|0
gamma-gliadin|EQPFPEQPE|1|0
gamma-gliadin|PFPQQPQQPYPQQPQ|1|0
gamma-gliadin|PFPEQPQQPYPQQPQ|1|0
gamma-gliadin|PFPQQPEQPYPQQPQ|1|0
gamma-gliadin|PFPEQPEQPYPQQPQ|1|0
gamma-gliadin|PFPQQPQQPYPQ|1|0
gamma-gliadin|FPQQPQQPYPQQPQQ|1|0
gamma-gliadin|FPEQPQQPYPQQPQQ|1|0
gamma-gliadin|FPQQPEQPYPQQPQQ|1|0
gamma-gliadin|FPQQPQQPYPEQPQQ|1|0
gamma-gliadin|FPEQPQQPYPEQPQQ|1|0
gamma-gliadin|FPQQPQQPYPQQP|1|0
gamma-gliadin|FPEQPEQPYPQQP|1|0
gamma-gliadin|FPEQPQEPYPQQP|1|0
gamma-gliadin|FPQQPQQPYPQQ|1|0
gamma-gliadin|FPQQPEQPYPQQ|1|0
gamma-gliadin|FPEQPEQPYPEQ|1|0
gamma-gliadin|PEQPEQPYPEQ|1|0
gamma-1 and gamma 5 gliadin|QQPQQPYPQ|1|0
gamma-5 gliadin|EQPEQPYPE|1|0
gamma-1 gliadin|EQPQQPYPE|1|0
gamma-1 gliadin|EQPQQPFPE|1|0
gamma-III gliadin|QQPEQPYPQ|1|0
gamma-gliadin|QQPYPQQPQQPFPQ|1|0
gamma-gliadin|QQPYPQQPQ|1|0
gamma-gliadin|EQPYPQQPQ|1|0
gamma-gliadin|QQPYPEQPQ|1|0
gamma-gliadin|EQPYPEQPQ|1|0
gamma-gliadin|PYPQQPQQP|1|0
gamma-gliadin|PYPEQPQQP|1|0
gamma-gliadin|PYPQQPEQP|1|0
gamma-gliadin|PYPEQPEQP|1|0
gamma-gliadin|QQPQQPFPQ|1|0
gamma-2 gliadin|EQPQQPFPQ|1|0
gamma-2 gliadin|QQPEQPFPQ|1|0
gamma-2 gliadin|EQPEQPFPQ|1|0
gamma-gliadin|PQQQTLQPQQPAQL|1|0
gamma-gliadin|PQQQTLQPEQPAQL|1|0
gamma1-gliadin|ATANMQVDPSGQVQWPQQQP|1|0
gamma1-gliadin|QVDPSGQVQWPQ|1|0
gamma1-gliadin|WPQQQPFPQPQQPFCQQPQR|1|0
gamma1-gliadin|QQPFCQQPQRTIPQPHQTFH|1|0
gamma1-gliadin|TIPQPHQTFHHQPQQTFPQP|1|0
gamma1-gliadin|HQPQQTFPQPQQTYPHQPQQ|1|0
gamma1-gliadin|QQTYPHQPQQQFPQTQQPQQ|1|0
gamma1-gliadin|QFPQTQQPQQPFPQPQQTFP|1|0
gamma1-gliadin|QFPETQQPQQPFPQPQQTFP|1|0
gamma1-gliadin|QFPQTEQPQQPFPQPQQTFP|1|0
gamma1-gliadin|QFPQTQQPEQPFPQPQQTFP|1|0
gamma1-gliadin|QFPQTQQPQQPFPQPEQTFP|1|0
gamma1-gliadin|QFPETEQPQQPFPQPQQTFP|1|0
gamma1-gliadin|QFPETQQPEQPFPQPQQTFP|1|0
gamma1-gliadin|QFPETQQPQQPFPQPEQTFP|1|0
gamma1-gliadin|QFPQTEQPEQPFPQPQQTFP|1|0
gamma1-gliadin|QFPQTEQPQQPFPQPEQTFP|1|0
gamma1-gliadin|QFPQTQQPEQPFPQPEQTFP|1|0
gamma1-gliadin|QFPETEQPEQPFPQPQQTFP|1|0
gamma1-gliadin|QFPETEQPQQPFPQPEQTFP|1|0
gamma1-gliadin|QFPETQQPEQPFPQPEQTFP|1|0
gamma1-gliadin|QFPQTEQPEQPFPQPEQTFP|1|0
gamma1-gliadin|QFPETEQPEQPFPQPEQTFP|1|0
gamma1-gliadin|PQQPFPQPQQTFPQQPQLPF|1|0
gamma1-gliadin|PFPQPQQTFPQQPQLPFPQQ|1|0
gamma1-gliadin|PFPQPQQTFPQ|1|0
gamma1-gliadin|PQQTFPQQPQLP|1|0
gamma1-gliadin|SQQPQQQFSQPQQQFPQPQQ|1|0
gamma1-gliadin|QQFSQPQQQFPQPQQ|1|0
gamma1-gliadin|QQFSQPEQQFPQPQQ|1|0
gamma1-gliadin|QQFSQPQQEFPQPQQ|1|0
gamma1-gliadin|QQFSQPEQEFPQPQQ|1|0
gamma1-gliadin|QQFSQPQQQFPQ|1|0
gamma1-gliadin|QFSQPQQQFPQPQ|1|0
gamma1-gliadin|FSQPQQQFPQPQ|1|0
gamma1-gliadin|FSQPEQQFPQPQ|1|0
gamma1-gliadin|FSQPQQEFPQPQ|1|0
gamma1-gliadin|FSQPEQEFPQPQ|1|0
gamma1-gliadin|FSQPQQQFPQ|1|0
gamma1-gliadin|FSQPEQQFPQ|1|0
gamma1-gliadin|FSQPQQEFPQ|1|0
gamma1-gliadin|FSQPEQEFPQ|1|0
gamma1-gliadin|SQPQQQFPQPQQ|1|0
gamma-5 gliadin|SQPQQQFPQ|1|0
gamma-5 gliadin|SQPEQEFPQ|1|0
gamma1-gliadin|QQPQQSFPQQQ|1|0
gamma1-gliadin|QPQQSFPQQQ|1|0
gamma1-gliadin|QPQQSFPEQQ|1|0
gamma-gliadin|WPQQQPFPQPQQPFCQQPQQ|1|0
gamma-gliadin|WPQQQPFPQPEQPFCQQPQQ|1|0
gamma-gliadin|QPFPQPEQPFCQ|1|0
gamma-gliadin|QFPQTQQPQQPFPQ|1|0
gamma-gliadin|PQTEQPQQPFPQPQ|1|0
gamma-gliadin|PQTQQPEQPFPQPQ|1|0
gamma-gliadin|PQTEQPEQPFPQPQ|1|0
gamma-gliadin|TQQPQQPFPQP|1|0
gamma-gliadin|TEQPEQPFPQP|1|0
gamma-gliadin|QQPQLPFPQQPQQPFPQPQQ|1|0
gamma-gliadin|QLPFPQQPQQPFPQ|1|0
gamma-gliadin|PFPQQPQQPF|1|0
gamma-gliadin|PFPEQPQQPF|1|0
gamma-gliadin|PFPQQPEQPF|1|0
gamma-gliadin|PFPEQPEQPF|1|0
gamma-gliadin|FPQQPQQPF|1|0
gamma-gliadin|FPEQPQQPF|1|0
gamma-gliadin|FPQQPQEPF|1|0
gamma-gliadin|FPEQPQEPF|1|0
gamma-gliadin|PQQPFPQPQQPQQPFPQSQQ|1|0
gamma-gliadin|QQPAQYEVIRSLVLRTLPNM|1|0
gamma-gliadin|QYEVIRSLVLRTLPNM|1|0
gamma-gliadin|EYEVIRSLVLRTLPN|1|0
gamma-gliadin|QYQVIRSLVLRTLPN|1|0
gamma-gliadin|QQQFIQPQQPFPQQPQQTYP|1|0
gamma-gliadin|QQFIQPQQPFPQ|1|0
gamma-gliadin|PFPQTQQPQQPFPQ|1|0
gamma-gliadin|PQQPFPQSQQPQQPFPQPQQ|1|0
gamma-gliadin|PFPQSQQPQQPFPQ|1|0
gamma-gliadin|SQQPQQPFPQPQQQFPQPQQ|1|0
gamma-gliadin|PQQPFPQPQQQFPQPQQPQQ|1|0
gamma-gliadin|PEQPFPQPQQQFPQPQQPQQ|1|0
gamma-gliadin|PQQPFPQPEQQFPQPQQPQQ|1|0
gamma-gliadin|PQQPFPQPQQEFPQPQQPQQ|1|0
gamma-gliadin|PQQPFPQPQQQFPQPEQPQQ|1|0
gamma-gliadin|PEQPFPQPEQQFPQPQQPQQ|1|0
gamma-gliadin|PEQPFPQPQQEFPQPQQPQQ|1|0
gamma-gliadin|PEQPFPQPQQQFPQPEQPQQ|1|0
gamma-gliadin|PQQPFPQPEQEFPQPQQPQQ|1|0
gamma-gliadin|PQQPFPQPEQQFPQPEQPQQ|1|0
gamma-gliadin|PQQPFPQPQQEFPQPEQPQQ|1|0
gamma-gliadin|PEQPFPQPEQEFPQPQQPQQ|1|0
gamma-gliadin|PEQPFPQPEQQFPQPEQPQQ|1|0
gamma-gliadin|PEQPFPQPQQEFPQPEQPQQ|1|0
gamma-gliadin|PQQPFPQPEQEFPQPEQPQQ|1|0
gamma-gliadin|PEQPFPQPEQEFPQPEQPQQ|1|0
gamma-gliadin|FPQPQQQFPQPQ|1|0
gamma-gliadin|FPQPEQQFPQPQ|1|0
gamma-gliadin|FPQPQQEFPQPQ|1|0
gamma-gliadin|FPQPEQEFPQPQ|1|0
gamma-gliadin|PQPQQQFPQ|1|0
gamma-gliadin|PQPEQQFPQ|1|0
gamma-gliadin|PQPQQEFPQ|1|0
gamma-gliadin|PQPEQEFPQ|1|0
gamma-gliadin|GQQPFPQPEQEFPQPG|1|0
gamma-gliadin|QPFPQPEQEFPQP|1|0
gamma-1 gliadin|PQQSFPQQQ|1|0
gamma-gliadin|PQQSFPQQE|1|0
gamma-1 gliadin|PQQSFPEQE|1|0
gamma-1 gliadin|PQQSFPEQQ|1|0
gamma-gliadin|VQGQGIIQPQQPAQL|1|0
gamma-gliadin|VQGEGIIQPQQPAQL|1|0
gamma-gliadin|VQGQGIIQPEQPAQL|1|0
gamma-gliadin|VQGEGIIQPEQPAQL|1|0
gamma-gliadin|GQGIIQPQQPAQLIR|1|0
gamma-gliadin|GQGIIQPEQPAQLIR|1|0
gamma-gliadin|GIIQPQQPAQL|1|0
gamma-gliadin|GIIQPEQPAQL|1|0
gamma-gliadin|IIQPQQPAQL|1|0
gamma-gliadin|IIQPEQPAQL|1|0
gamma-gliadin|IIQPQQPAQ|1|0
gamma-gliadin|IIQPEQPAQ|1|0
gamma-5 gliadin|IQPQQPAQL|1|0
gamma-5 gliadin|IQPEQPAQL|1|0
gamma-gliadin|QFPQPQQPQQSFPQQQQPAI|1|0
gamma-gliadin|PQQPQQSFPQQQQPA|1|0
gamma-gliadin|PQQPQQSFPEQQQPA|1|0
gamma-gliadin|PQQPQQSFPQQEQPA|1|0
gamma-gliadin|PQQPQQSFPEQEQPA|1|0
gamma-gliadin|SFPQQQQPAIQSFLQQQMNP|1|0
gamma-gliadin|QSFLQQQMNPCKNFLLQQCN|1|0
gamma-gliadin|IHSVAHSIIMQQEQQQGVPI|1|0
gamma-gliadin|LRPLFQLAQGLGIIQPQQPA|1|0
gamma-gliadin|LGIIQPQQPAQLEGIRSLVL|1|0
gamma-gliadin|PHQPQQQVPQPQQPQQPF|1|0
gamma-gliadin|QQPFPQQPQQPFPQ|1|0
gamma-gliadin|QQPFPEQPEQPFPQ|1|0
gamma-gliadin|QQPFPQQPEQPFPQ|1|0
gamma-gliadin|QQPFPEQPQQPFPQ|1|0
gamma-gliadin|QTQQPQQPFPQQPQQPFPQT|1|0
gamma-gliadin|PFPQLQQPQQPFPQ|1|0
gamma-gliadin|YQQLPQPQQPQQSFPQQQRPF|1|0
gamma-gliadin|QQLPQPQQPQQSFPQQQRPF|1|0
gamma-gliadin|QPQQPQQSFPQQQRPFI|1|0
gamma-gliadin|QPQQPQQSFPQQQRPF|1|0
gamma-gliadin|PQQPQQSFPQQQRPF|1|0
gamma-gliadin|PQQPQQSFPEQQRPF|1|0
gamma-gliadin|PEQPQQSFPEQQRPF|1|0
gamma-gliadin|PQQPQQSFPEQERPF|1|0
gamma-gliadin|PEQPQQSFPEQERPF|1|0
gamma-gliadin|PQQPQQSFPQQQRP|1|0
gamma-gliadin|PEQPQQSFPEQERP|1|0
gamma-gliadin|PQQPQQSFPEQQRP|1|0
gamma-gliadin|PEQPQQSFPEQQRP|1|0
gamma-gliadin|KEQPQQSFPEQERP|1|0
gamma-gliadin|PKQPQQSFPEQERP|1|0
gamma-gliadin|PEKPQQSFPEQERP|1|0
gamma-gliadin|PEQKQQSFPEQERP|1|0
gamma-gliadin|PEQPKQSFPEQERP|1|0
gamma-gliadin|PEQPQQKFPEQERP|1|0
gamma-gliadin|PEQPQQSFPEQKRP|1|0
gamma-gliadin|PEQPQQSFPEQEKP|1|0
gamma-gliadin|PEQPQQSFPEQERK|1|0
gamma-gliadin|QPQQSFPQQQRP|1|0
gamma-gliadin|QPQQSFPEQQRP|1|0
gamma-gliadin|QQSFPQQQRPFIQPSL|1|0
gamma-gliadin|PQPQQPQLPFPQQPQQPFPQ|1|0
gamma-gliadin|PFPQPQQPQQPFPQ|1|0
gamma-gliadin|QQPLPQPQQPQQPFPQSQQP|1|0
gamma-gliadin|QPQQPQQPFPQQQQPLIQPY|1|0
gamma-gliadin|PQQPFPQQPQQQFPQPQQPQ|1|0
gamma-gliadin|PFPQQPQQQFPQ|1|0
gamma-gliadin|QPFPQLQQPQQPLPQPQQPQ|1|0
gamma-gliadin|QPFPQLQQPQQP|1|0
LMW glutenin|SHIPGLERPWQQQPLPPQQT|1|0
LMW glutenin|QGLERPWQQQPLPPQ|1|0
LMW glutenin|EGLERPWQEQPLPPQ|1|0
LMW glutenin|LERPWQQQPLPP|1|0
LMW glutenin|GQQAFPQPEQTFPHQG|1|0
LMW glutenin|QQAFPQPQQTFPHQP|1|0
LMW glutenin|EQAFPQPEQTFPHQP|1|0
LMW glutenin|QAFPQPQQTFPHQPQQQFPQ|1|0
LMW glutenin|QAFPQPQQTFPH|1|0
LMW glutenin|QAFPQPEQTFPH|1|0
gamma-gliadin or LMW glutenin|QQPPFSQQQQQPLPQ|1|0
gamma-gliadin or LMW glutenin|QQPPFSEQQQQPLPQ|1|0
gamma-gliadin or LMW glutenin|QQPPFSQEQQQPLPQ|1|0
gamma-gliadin or LMW glutenin|QQPPFSQQQEQPLPQ|1|0
gamma-gliadin or LMW glutenin|QQPPFSQQQQEPLPQ|1|0
gamma-gliadin or LMW glutenin|QQPPFSEEQQQPLPQ|1|0
gamma-gliadin or LMW glutenin|QQPPFSEQQEQPLPQ|1|0
gamma-gliadin or LMW glutenin|QQPPFSEQQQEPLPQ|1|0
gamma-gliadin or LMW glutenin|QQPPFSQEQEQPLPQ|1|0
gamma-gliadin or LMW glutenin|QQPPFSQEQQEPLPQ|1|0
gamma-gliadin or LMW glutenin|QQPPFSQQQEEPLPQ|1|0
gamma-gliadin or LMW glutenin|QQPPFSEEQEQPLPQ|1|0
gamma-gliadin or LMW glutenin|QQPPFSEEQQEPLPQ|1|0
gamma-gliadin or LMW glutenin|QQPPFSQEQEEPLPQ|1|0
gamma-gliadin or LMW glutenin|QQPPFSEQQEEPLPQ|1|0
gamma-gliadin or LMW glutenin|QQPPFSEEQEEPLPQ|1|0
gamma-gliadin or LMW glutenin|FSQQQQQPL|1|0
gamma-gliadin or LMW glutenin|FSEQQQQPL|1|0
gamma-gliadin or LMW glutenin|FSQEQQQPL|1|0
gamma-gliadin or LMW glutenin|FSQQQEQPL|1|0
gamma-gliadin or LMW glutenin|FSEEQQQPL|1|0
gamma-gliadin or LMW glutenin|FSEQQEQPL|1|0
gamma-gliadin or LMW glutenin|FSQEQEQPL|1|0
gamma-gliadin or LMW glutenin|FSEEQQEPL|1|0
gamma-gliadin or LMW glutenin|QQPPFSQQQQPVLPQ|1|0
gamma-gliadin or LMW glutenin|QQPPFSEQQQPVLPQ|1|0
gamma-gliadin or LMW glutenin|QQPPFSQQEQPVLPQ|1|0
gamma-gliadin or LMW glutenin|QQPPFSEQEQPVLPQ|1|0
gamma-gliadin or LMW glutenin|EQPPFSEQEQPVLPQ|1|0
Glut-L1|PFSQQQQPV|1|0
glut-L1|PFSEQQQPV|1|0
glut-L1|PFSQQEQPV|1|0
glut-L1|PFSEQEQPV|1|0
gamma-gliadin or LMW glutenin|CKVFLQQQCSPVAMPQRLAR|1|0
gamma-gliadin or LMW glutenin|LQQQCSPVAMPQRLAR|1|0
gamma-gliadin or LMW-glutenin|PQQQQPFPQPQQPFSQQPQQ|1|0
gamma-gliadin or LMW-glutenin|PQQQQPFPQPEQPFSQQPQQ|1|0
gamma-gliadin or LMW-glutenin|QPFPQPQQPFSQ|1|0
gamma-gliadin or LMW-glutenin|QPFPQPEQPFSQ|1|0
gamma-gliadin or LMW-glutenin|QQPFPQPQQPQLPFPQQPQQ|1|0
gamma-gliadin or LMW-glutenin|QPFPQPQQPQLPFPQ|1|0
gamma-gliadin or LMW-glutenin|EPFPQPEQPELPFPQ|1|0
gamma-gliadin or LMW-glutenin|QPFPQPQQPQLP|1|0
LMW glutenin|QQPPFSQQQQPPFSQ|1|0
LMW glutenin|QQQQPPFSQQQQSPFSQQQQ|1|0
LMW glutenin|QQQQPPFSEQQQSPFSQQQQ|1|0
LMW glutenin|QQQQPPFSQQQESPFSQQQQ|1|0
LMW glutenin|QQQQPPFSEQQESPFSQQQQ|1|0
LMW glutenin|QQQQPPFSEEQESPY|1|0
LMW glutenin|QQQQPPFSEEQESPL|1|0
LMW glutenin|QQQQPPFSEEQESPF|1|0
LMW glutenin|QQQPPFSEEQESPFS|1|0
LMW glutenin|QQPPFSQQQQSPFSQ|1|0
LMW glutenin|QQPPFSEEQESPFSQ|1|0
LMW glutenin|QQPPFSQQQQSP|1|0
LMW glutenin|QPPFSEEQESPFSQQ|1|0
LMW glutenin|QPPFSQQQQSPFSQ|1|0
LMW glutenin|PPFSQQQQSPFSQQQ|1|0
LMW glutenin|PPFSEEQESPFSQQQ|1|0
LMW glutenin|PFSQQQQSPFSQQQQ|1|0
LMW glutenin|PFSEEQESPFSQQQQ|1|0
LMW glutenin|PFSQQQQSPF|1|0
LMW glutenin|PFSEQQQSPF|1|0
LMW glutenin|PFSQEQQSPF|1|0
LMW glutenin|PFSQQQESPF|1|0
LMW glutenin|PFSEQQESPF|1|0
LMW glutenin|PFSEEQQSPF|1|0
LMW glutenin|PFSQEQESPF|1|0
LMW glutenin|PFSEEQESPF|1|0
glut-L2|FSQQQQSPF|1|0
glut-L2|FSEQQQSPF|1|0
glut-L2|FSQQQESPF|1|0
glut-L2|FSEQQESPF|1|0
LMW glutenin|QQPPFSQQQQPQFSQ|1|0
LMW glutenin|SHQQQPFPQQPYPQQPYPS|1|0
gamma-gliadin|PQQPFPSQQQQPLI|1|0
gamma-gliadin|PQQPFPSQQEQPLI|1|0
LMW glutenin|QQPPFSQQQQPILPQ|1|0
LMW glutenin|QPPFSQQQQPILPQ|1|0
LMW glutenin|QPPFSEQEQPILPQ|1|0
LMW glutenin|QQPPFSQQQQQPILL|1|0
LMW glutenin|QPPFSQQQQQPILL|1|0
LMW glutenin|QPPFSEEQEQPILL|1|0
HMW glutenin|QGQQGYYPISPQQSGQGQQP|1|0
HMW glutenin|QGQQGYYPISPQQSGQ|1|0
HMW glutenin|EGQQGYYPISPQQSGQ|1|0
HMW glutenin|GQAGYYPTSPQQSGQ|1|0
HMW glutenin|GQQGYYPTSPQQPGQ|1|0
HMW glutenin|GQQGYYPISPQQSGQ|1|0
HMW glutenin|GQGQSGYYPTSPQQSGQEAT|1|0
HMW glutenin|GQGQSGYYPTSPQQSG|1|0
HMW glutenin|PGQGQSGYYPTSPQQSGQKQ|1|0
HMW glutenin|PGQGQSGYYPTSPQQS|1|0
HMW glutenin|GQSGYYPTSPQQSGQ|1|0
HMW glutenin|GQQGYYPISPQQLGQ|1|0
HMW glutenin|GQLGYYPTSPQQSGQ|1|0
HMW glutenin|LQPGQGQPGYYPTSPQQIGQ|1|0
HMW glutenin|QGQPGYYPTSPQQIGQ|1|0
HMW glutenin|GQPGYYPTSPQQIGQ|1|0
HMW-Glutenin|GQPGYYPTSPQQPGQ|1|0
HMW-Glutenin|GQPGYYPTSPQQSGQ|1|0
HMW-Glutenin|GQQGYYPTSLQQPGQ|1|0
HMW-Glutenin|SGQGQRPGQWLQPGQGQQGYYPTSPQQSGQGQQLGQ|1|0
HMW-Glutenin|PGQGQQGYYPTSPQQSGQ|1|0
HMW-Glutenin|GQQGYYPTSPQQSGQ|1|0
HMW-Glutenin|GQQGYYPTSPQQSG|1|0
HMW-Glutenin|GQQGYYPTSPQQS|1|0
HMW-Glutenin|QQGYYPTSPQQSGQ|1|0
HMW-Glutenin|QQGYYPTSPQQSG|1|0
HMW-Glutenin|QEGYYPTSPQQSG|1|0
HMW-Glutenin|QQGYYPTSPQQS|1|0
HMW-Glutenin|QGYYPTSPQQSG|1|0
glut-H1|QGYYPTSPQQS|1|0
HMW-Glutenin|GYYPTSPQQSG|1|0
HMW-Glutenin|GQQGYYPISPQQPGQ|1|0
HMW-Glutenin|GQQGYYPTSPQQSPQ|1|0
HMW-Glutenin|GQQGYYPTSPQQLGQ|1|0
HMW-Glutenin|GQQGYYPTSPQHPGQ|1|0
HMW-Glutenin|GQPGYYPTSPLQSGQ|1|0
HMW-Glutenin|GQHGYYPTSPQLSGQ|1|0
HMW-Glutenin|GQQGYYPTSPQQPPQ|1|0
HMW-Glutenin|GQQGYYPTSVQQPGQ|1|0
Hordein|QPQQPQPFPQQPVPQQPQPY|1|0
Hordein|PQQPQPFPQQPVPQQP|1|0
Hordein|PQQPVPQQPQPY|1|0
Hordein|PQPFPQQPIPQQPQPYPQQP|1|0
Hordein|PQPFPQQPIPEQPQPYPQQP|1|0
Hordein|PQPFPQQPIPQQPQPY|1|0
Hordein|PQPFPQQPIPEQPQPY|1|0
Hordein|QQPQPFSQQPIPQQPQPYPQ|1|0
Hordein|QQPQPFSQQPIPEQPQPYPQ|1|0
Hordein|SQQPIPQQPQPY|1|0
Hordein|SQQPIPEQPQPY|1|0
Hordein|QPQPFPQQPIPLQPHQPYTQ|1|0
Hordein|QPQPFPQQPIPL|1|0
Hordein|PQPYPQQPQPFPQQPPFCQQ|1|0
Hordein|PQPYPQQPQPFPQQPP|1|0
Hordein|QQPFPQQPFPQQPQPYPQQP|1|0
Hordein|QQPFPQQPFPQQPQPY|1|0
Hordein|QQPFPQQPFPQ|1|0
Hordein|PQQPFPQQPQPYPQQP|1|0
Hordein|QPQPYPQQPQPYPQQPFQPQ|1|0
Hordein|QPQPYPQQPQPY|1|0
gamma-gliadin or LMW glutenin|QPQPFPQQSEQSQQPFQPQPF|1|0
Hordein|QPQQPFPQPQQPIPYQPQQP|1|0
Hordein|GQQPFPQPEQPIPYQG|1|0
Hordein|QPFPQPQQPIPY|1|0
Hordein|QPFPQPEQPIPY|1|0
Hordein|WQPQQPFPQPQQPFPLQPQQ|1|0
Hordein|WQPQQPFPQPEQPFPLQPQQ|1|0
Hordein|GQQPFPQPEQPFPLQG|1|0
Hordein|QPFPQPQQPFPL|1|0
Hordein|QPFPQPEQPFPL|1|0
Hordein|LPRPQQPFPWQPQQPFPQPQ|1|0
Hordein|QPQQPFPLQPQQPFPWQPQQ|1|0
Hordein|PFPLQPQQPFPW|1|0
Hordein|QPQQPFSFSQQPQQPFPLQP|1|0
Hordein|GFSFSQQPEQPFPLQG|1|0
Hordein|FQQPQQSYPVQPQQPFPQPQ|1|0
Hordein|GQSYPVQPEQPFPQPG|1|0
Hordein|SYPVQPQQPFPQ|1|0
Hordein|SYPVQPEQPFPQ|1|0
Hordein|SFSQQPQQPFPL|1|0
Hordein|SFSQQPEQPFPL|1|0
omega-gliadin|GQPFPWQPEQPFPQPG|1|0
Hordein|YPQQPQPFPQQPIPQQPQPY|1|0
Hordein|QPQPFPQQPIPQ|1|0
hor-3|PIPQQPQPY|1|0
hor-3|PIPEQPQPY|1|0
Hordein|QQQPFPQQPIPQQPQPYPQQ|1|0
Hordein|QQPFPQQPIPQ|1|0
Hordein|PQQPIPQQPQPYPQQP|1|0
Hordein|PQQPIPEQPQPYPQQP|1|0
Hordein|QPQQPIPQQPQPYPQQ|1|0
Hordein|EPEQPIPEQPQPYPQQ|1|0
Hordein|FPPQQPFPQ|1|0
Hordein|FPPEQPFPQ|1|0
Hordein|PFPQQPQQPFPQPQQPFRQQ|1|0
Hordein|PFPQQPQQPFPQPEQPFRQQ|1|0
Hordein|PQQPFPQPQQPFRQ|1|0
Hordein|PQQPFPQPEQPFRQ|1|0
Hordein|QQPFPQPQQPFRQ|1|0
Hordein|QQPFPQPEQPFRQ|1|0
hor-1|PFPQPQQPF|1|0
hor-1|PFPQPEQPF|1|0
Hordein|PQQPFQPQQPFPQQTIPQQP|1|0
Hordein|QQPFQPQQPFPQ|1|0
Hordein|TFPPSQQPNPLQPQQPFPLQ|1|0
Hordein|PNPLQPQQPFPLQ|1|0
Hordein|NPLQPQQPFPLQPQPPQQPF|1|0
Hordein|NPLQPQQPFPLQPQPP|1|0
Hordein|PLQPQQPFPLQPQPPQ|1|0
Hordein|PQQPQQPFPQPQQPFSWQPQ|1|0
Hordein|PQQPQQPFPQPEQPFSWQPQ|1|0
Hordein|QPFPQPQQPFSW|1|0
Hordein|QPFPQPEQPFSW|1|0
Hordein|PQQTIPQQPQQPFPLQPQQP|1|0
Hordein|TIPQQPQQPFPL|1|0
Hordein|QQPFPLQPQQPFPQPQPFPQ|1|0
gamma-gliadin|GQPFPLQPEQPFPQPG|1|0
gamma-gliadin|PFPLQPEQPFPQ|1|0
gamma-hordein|QSQQQFPQPQQPFPQQPQQP|1|0
gamma-hordein|QQFPQPQQPFPQQP|1|0
gamma-hordein|QEFPQPQQPFPQQP|1|0
gamma-hordein|QQFPQPEQPFPQQP|1|0
gamma-hordein|QEFPQPEQPFPQQP|1|0
gamma-hordein|QQFPQPQQPFPQ|1|0
hor-2|PQPQQPFPQ|1|0
hor-2|PQPEQPFPQ|1|0
Secalin|GQPAPIQPEQPFPQQG|1|0
Secalin|PAPIQPQQPFPQQPQQPFPQ|1|0
Secalin|PAPIQPEQPFPQ|1|0
Secalin|PAPIQPQQPFPQ|1|0
Secalin|FPQQPQQPFPQPQQQLPLQP|1|0
Secalin|GQQPFPQPEQELPLQG|1|0
Secalin|QPFPQPQQQLPL|1|0
Secalin|QPFPQPEQELPL|1|0
Secalin|PTPIQPQQPFPQRPQQPFPQ|1|0
Secalin|PFPQRPQQPFPQ|1|0
Secalin|PQQSFPQQP|1|0
Secalin|PQQSFPEQP|1|0
Secalin|FPLQPQQPFPQQPEQIISQQ|1|0
Secalin|PFPQQPEQIISQ|1|0
Secalin|FPQQPEQIISQQPQQPFPLQ|1|0
Secalin|PEQIISQQPQQPFPL|1|0
Secalin|PQQLFPLPQQPFPQPQQPFP|1|0
Secalin|LFPLPQQPFPQ|1|0
Secalin|PQQPFPQPQQPFPQ|1|0
Secalin|PEQPFPQPQQPFPQ|1|0
Secalin|PQQPFPQPEQPFPQ|1|0
Secalin|PEQPFPQPEQPFPQ|1|0
Secalin|QPFPQPQQPFPQSQ|1|0
Secalin|QPFPQPEQPFPQSQ|1|0
gamma-secalin|NMQVGPSGQVEWPQQQPLPQ|1|0
gamma-secalin|GMQVGPSGEVEWPQQG|1|0
gamma-secalin|QVGPSGQVEWPQ|1|0
gamma-secalin|QVGPSGEVEWPQ|1|0
gamma-secalin|SPQPQQPYPQQPFPQQPQQP|1|0
gamma-secalin|GQPEQPYPEQPFPQQG|1|0
gamma-secalin|PQQPYPQQPFPQ|1|0
gamma-secalin|PEQPYPEQPFPQ|1|0
gamma-secalin|PQTQQPQQPFPQPQQPQQLF|1|0
gamma-secalin|PQTQQPQQPFPQ|1|0
gamma-secalin|PQEPQQLFPQSQQPQQPFPQ|1|0
gamma-secalin|PQSQQPQQPFPQ|1|0
gamma-secalin|QTQQSIPQPQQPFPQPQQPF|1|0
gamma-secalin|QSIPQPQQPFPQ|1|0
gamma-secalin|SIPQPQQPFPQPQQPFPQSQ|1|0
gamma-secalin|SIPQPQQPFPQPEQPFPQSQ|1|0
gamma-secalin|GQQPFPQPEQPFPQSG|1|0
gamma-secalin|QPFPQPEQPFPQS|1|0
gamma-secalin|QPFPQPQQPFPQ|1|0
gamma-secalin|QPFPQPEQPFPQ|1|0
omega-Secalin|QYSPYQPQQPFPQPQQPTPI|1|0
omega-Secalin|GQYSPYQPEQPFPQPG|1|0
omega-Secalin|YSPYQPQQPFPQ|1|0
omega-Secalin|YSPYQPEQPFPQ|1|0
omega-Secalin|GQQPFPQPEQPTPIQG|1|0
omega-Secalin|QPFPQPQQPTPIQPQQPFPQ|1|0
omega-Secalin|QPFPQPEQPTPI|1|0
omega-Secalin|QPFPQPQQPTPI|1|0
omega-Secalin|GQPTPIQPEQPFPQQG|1|0
omega-Secalin|PTPIQPQQPFPQ|1|0
omega-Secalin|PTPIQPEQPFPQ|1|0
omega-Secalin|QQLPLQPQQPFPQPQQPIPQ|1|0
omega-Secalin|QLPLQPQQPFPQ|1|0
omega-Secalin|QPFPQPQQPIPQ|1|0
omega-Secalin|PQQPQQSFPQQPQR|1|0
omega-Secalin|PEQPQQSFPQQPQR|1|0
omega-Secalin|PQQPEQSFPQQPQR|1|0
omega-Secalin|PQQPQQSFPEQPQR|1|0
omega-Secalin|PEQPEQSFPQQPQR|1|0
omega-Secalin|PEQPQQSFPEQPQR|1|0
omega-Secalin|PQQPEQSFPEQPQR|1|0
omega-Secalin|PEQPEQSFPEQPQR|1|0
omega-Secalin|EQIISQQPFPLQPQQPFSQP|1|0
omega-Secalin|PFPLQPQQPFSQ|1|0
omega-Secalin|GQPQQPFPEQPEQIIG|1|0
omega-Secalin|PQQPFPQQPEQIIPQQPQQP|1|0
omega-Secalin|PQQPFPQQPEQI|1|0
omega-Secalin|PQQPFPEQPEQI|1|0
omega-Secalin|QQPFPQQPEQIIPQQP|1|0
omega-Secalin|EQPFPEQPEQIIPQQP|1|0
omega-Secalin|GQPFPQQPEQIIPQQG|1|0
omega-Secalin|PFPQQPEQIIPQ|1|0
omega-Secalin|PEQIIPQQPQQP|1|0
omega-Secalin|SQQPQRPQQPFPQQPQQIIP|1|0
omega-Secalin|RPQQPFPQQPQQI|1|0
omega-Secalin|QPQQIIPQQPQQPFPLQPQQ|1|0
omega-Secalin|IIPQQPQQPFPL|1|0
omega-Secalin|QQPQQPFPLQPQQPVPQQPQ|1|0
omega-Secalin|QQPQQPFPLQPQQPVP|1|0
omega-Secalin|QPFPLQPQQPVPQQPQ|1|0
omega-Secalin|QQPFLLQPQQPFSQPQQPFL|1|0
omega-Secalin|FLLQPQQPFSQ|1|0
omega-Secalin|SPQQPQLPFPQPQQPFVVVV|1|0
omega-Secalin|SPQQPQLPFPQPEQPFVVVV|1|0
omega-Secalin|LPFPQPQQPFVV|1|0
omega-Secalin|LPFPQPEQPFVV|1|0
gamma-avenin|QYQPYPEQQQPFVQ|1|0
gamma-avenin|QYQPYPEQEQPFVQ|1|0
gamma-avenin|EYQPYPEQEQPILQQ|1|0
gamma-avenin|QYQPYPQQQQPILQQ|1|0
ave-1b|PYPEQQQPF|1|0
ave-1b|PYPEQEQPF|1|0
Avenin|TTTVQYDPSEQYQPYPEQQEPFVQQQPPFVQ|1|0
Avenin|TTTVQYDPSEQYQPYPEQQEPF|1|0
Avenin|TTTVQYNPSEQYQPYPEQQEPFVQQQPF|1|0
Avenin|TTVQYNPSEQYQPYPEQQEPFVQQQPF|1|0
Avenin|VQYNPSEQYQPYPEQQEPFVQQQPF|1|0
Avenin|TTTVQYNPSEQYQPYPEQQEPF|1|0
Avenin|TTTVQYDPSEQYQPYPEQQEPFVQQQQPF|1|0
Avenin|TTTVQYNPSEQYQPYPEQQEPFVQQQQPFV|1|0
Avenin|PSEQYQPYPEQQEPFVQQQQPFVQQQQPF|1|0
Avenin|SEQYQPYPEQQEPFVQQQQ|1|0
Avenin|SEQYQPYPEQEEPFVQQQQ|1|0
Avenin|QYQPYPEQQEPFVQ|1|0
Avenin|QYQPYPEQEEPFVQ|1|0
Avenin|YQPYPEQQEPFV|1|0
Avenin|YQPYPEQEEPFV|1|0
ave-1|PYPEQQEPF|1|0
ave-1|PYPEQEEPF|1|0
Avenin|QQPFVQQQQPFVQQ|1|0
Avenin|EQPFVQQQQPFVQQ|1|0
Avenin|QQPFVEQQQPFVQQ|1|0
Avenin|EQPFVEQQQPFVQQ|1|0
Avenin|QQPFVQEQQPFVQQ|1|0
Avenin|EQPFVQEQQPFVQQ|1|0
Avenin|QQPFVEEQQPFVQQ|1|0
Avenin|EQPFVEEQQPFVQQ|1|0
Avenin|QQPFVQQEQPFVQQ|1|0
Avenin|EQPFVQQEQPFVQQ|1|0
Avenin|QQPFVEQEQPFVQQ|1|0
Avenin|EQPFVEQEQPFVQQ|1|0
Avenin|QQPFVQEEQPFVQQ|1|0
Avenin|EQPFVQEEQPFVQQ|1|0
Avenin|QQPFVEEEQPFVQQ|1|0
Avenin|EQPFVEEEQPFVQQ|1|0
Avenin|FVQQQQQPF|1|0
Avenin|FVQQQEQPF|1|0
gamma-gliadin or LMW glutenin|QSEQSQQPFQPQ|1|0
glia-gamma 3, glia-gamma 1b|EQPQQPYPQ|1|0
glia-gamma 3, glia-gamma 1b|QQPQQPYPE|1|0
glia-gamma 3, glia-gamma 1b|EQPEQPYPQ|1|0
glia-gamma 3, glia-gamma 1b|QQPEQPYPE|1|0
glia-gamma 3|SQPEQQFPQ|1|0
glia-gamma 3|SQPQQEFPQ|1|0
glia-gamma 1b, glia-gamma 4c|QQPQQPFPE|1|0
glia-gamma 4c, glia-gamma 1b|QQPEQPFPE|1|0
glia-gamma 4c, glia-gamma 1b|EQPEQPFPE|1|0
glia-gamma 4c|PQPQQPFCQ|1|0
glia-gamma 4d|PQPEQPFCQ|1|0
glia-gamma 4d|PQPQQPFCE|1|0
glia-gamma 4d|PQPEQPFCE|1|0
glia-gamma 4e|PQPQQPFSQ|1|0
glia-gamma 4e|PQPEQPFSQ|1|0
glia-omega 3|PFPQPQQPI|1|0
glia-omega 3|PFPQPEQPI|1|0
glia-omega 4|PQPQQPIPV|1|0
glia-omega 4|PQPEQPIPV|1|0
glia-omega 5|LQPQQPFPQ|1|0
glia-omega 5|LQPEQPFPQ|1|0
Avenin Q|QQPFMQQQQPFMQP|1|0
Avenin Q-5|QQPFVQQQQQPFVQ|1|0
glia-gamma 1|PEQSFPQQQ|1|0
glia-gamma 1|PEQSFPQQE|1|0
ave-1 06|QYQPYPEQQQPILQQQ|1|0
ave-1 06|QYQPYPEQEQPILQQQ|1|0
ave-1 04|QQYQPYPQQQPFMQPL|1|0
ave-1 04|EQYQPYPEQQPFMQPL|1|0
