http://www.cnbi2.com/cgi-bin/amp.pl|Division of Infectious Diseases, Department of Medicine, Faculty of Medicine, University of British Columbia, Vancouver, BC, Canada|Fjell CD|Hancock RE|Cherkasov A
source|sequence|hydrophobicity
Edible frog(Rana esculenta )|FLPAIAGILSQLF|0.769231
Edible frog(Rana esculenta )|FLPLIAGLLGKLF|0.769231
Manchurian scorpion(Mesobuthus martensii )|FIGAIANLLSKIF|0.692308
Bull frog(Rana catesbeiana )|FISAIASMLGKFL|0.692308
Bull frog(Rana catesbeiana )|FLSAIASMLGKFL|0.692308
Green frog(Rana clamitans )|FLPFLASLLSKVL|0.769231
Green frog(Rana clamitans )|FLPFLATLLSKVL|0.769231
Bull frog(Rana catesbeiana )|FLPIASLLGKYL|0.75
Bull frog(Rana catesbeiana )|FISAIASFLGKFL|0.692308
Green frog(Rana clamitans )|FLPLFASLIGKLL|0.769231
Green frog(Rana clamitans )|FLPFLASLLTKVL|0.769231
HIV-1(Human immunodeficiency virus type 1 (isolate LW123 group M subtype B) )|RVIEVVQGACRAIRHIPRRIRQGLERIL|0.5
SIV-mac(Simian immunodeficiency virus (isolate K78) )|DLWETLRRGGRWILAIPRRIRQGLELTL|0.464286
Red sea bream(Pagrus major )|FFGWLIKGAIHAGKAIHGLIHRRRH|0.48
Red sea bream(Pagrus major )|FIGLLISAGKAIHDLIRRRH|0.5
Red sea bream(Pagrus major )|FFGWLIRGAIHAGKAIHGLIHRRRH|0.48
European sea bass(Dicentrarchus labrax )|FFHHIFRGIVHVGKSIHKLVTG|0.454545
White bass(Morone chrysops )|FFHHIFRGIVHVGKTIHKLVTG|0.454545
Floodplain toadlet(Uperoleia inundata )|GIVDFAKKVVGGIRNALGI|0.526316
Floodplain toadlet(Uperoleia inundata )|GVGSFIHKVVSAIKNVA|0.529412
Bovine(Bos taurus )|YGGFMRGL|0.5
Bovine(Bos taurus )|YGGFMRF|0.571429
African clawed frog(Xenopus laevis )|YGGFMRF|0.571429
African clawed frog(Xenopus laevis )|YGGFMRF|0.571429
Guinea pig(Cavia porcellus )|YGGFMRF|0.571429
Human(Homo sapiens )|YGGFMRF|0.571429
Golden hamster(Mesocricetus auratus )|YGGFMRF|0.571429
Mouse(Mus musculus )|YGGFMRF|0.571429
Rat(Rattus norvegicus )|YGGFMRF|0.571429
Centralian tree frog(Litoria gilleni )|GLLSSLSSVAKHVLPHVVPVIAEHL|0.6
Centralian tree frog(Litoria gilleni )|GLLSSLSSVA|0.5
Green tree frog(Litoria caerulea )|GLLSVLGSVAKHVLPHVVPVIAEHL|0.64
Centralian tree frog(Litoria gilleni )|GLLSVLGSVAKHVLPHVVPVIAEHL|0.64
Green tree frog(Litoria caerulea )|GLLSSLSSVAKHVLPHVVPVIAEHL|0.6
Blue-thighed frog(Litoria chloris )|GLFSVLGAVAKHVLPHVVPVIAEK|0.666667
Blue-thighed frog(Litoria chloris )|GLFKVLGSVAKHLLPHVAPVIAEK|0.625
Rat(Rattus norvegicus )|DQYRCLQNGGFCLRSSCPSHTKLQGTCKPDKPNCCRS|0.378378
Rat(Rattus norvegicus )|LRDLKCFCRRKSCNWGEGIMGICKKRYGSPILCCR|0.485714
Atlantic salmon(Salmo salar )|AEVAPAPAAAAPAKAPKKKAAAKPKKAGPSVGELIVKAVSASKERSGVSLAALK|0.592593
Australian toadlet(Uperoleia mjobergii )|GVGDLIRKAVSVIKNIV|0.529412
Australian toadlet(Uperoleia mjobergii )|GVGDLIRKAVAAIKNIV|0.588235
Sea lamprey(Petromyzon marinus )|CPCGRRRCCVRGLNVYCCF|0.631579
Penoeid shrimp(Penaeus vannamei )|YRGGYTGPIPRPPPIGRPPLRLVVCACYRLSVSDARNCCIKFGSCCHLVK|0.6
Penoeid shrimp(Penaeus vannamei )|YRGGYTGPIPRPPPIGRPPLRPVCNACYRLSVSDARNCCIKFGSCCHLVK|0.58
Atlantic white shrimp(Litopenaeus setiferus )|QRGGFTGPIPRPPPHGRPPLGPICNACYRLSFSDVRICCNFLGKCCHLVK|0.56
Blue mussel(Mytilus edulis )|GCASRCKAKCAGRRCKGWASASFRGRCYCKCFRC|0.5
-(Caenorhabditis elegans )|EASCARMDVPVMQRIAQGLCTSSCTAQKCMTGICKKVDSHPTCFCGGCSNANDVSLDTLISQLPHN|0.469697
Chickpea(Cicer arietinum )|ARCENFADSYRQPPISSSQT|0.4
Alfalfa(Medicago sativa )|RTCENLADKYRGPCFSGCDTHCTTKENAVSGRCRDDFRCWCTKRC|0.377778
Soap tree(Gymnocladus chinensis )|KTCENLADDY|0.4
Atlantic halibut(Hippoglossus hippoglossus )|SGRGKTGGKARAKAKTRSSRAGLQFPVGRVHRLLRKGNYAHRVGAGAPVYL|0.392157
Rainbow trout(Oncorhynchus mykiss )|AERVGAGAPVYL|0.666667
Human(Homo sapiens )|RLSPEYYDLARAHLRDEEKSCPCLAQEGPQGDLLTKTQELGRDYRTCLTIVQKLKKMVDKPTQRSVSNAATRVCRTGRSRWRDVCRNFMRRYQSRVIQGLVAGETAQQICEDLRLCIPSTGPL|0.422764
Pig(Sus scrofa )|GLICESCRKIIQKLEDMVGPQPNEDTVTQAASRVCDKMKILRGVCKKIMRTFLRRISKDILTGKKPQAICVDIKICKE|0.461538
African clawed frog(Xenopus laevis )|GIGKFLHSAKKFGKAFVGEIMNS|0.434783
Western clawed frog(Xenopus tropicalis )|GVFLDALKKFAKGGMNAVLNPK|0.545455
Mouse(Mus musculus )|LGWGRRCPQCPRCPSCPSCPRCPRCPRCKCNPK|0.575758
Potato(Solanum tuberosum )|KKIGCGGACAARCRLSSRPRLCNRACGTCCARCNCVPPGTSGNTETCPCYASLTTHGNKRKCP|0.460317
Pacific sole(Pardachirus pavoninus )|GFFALIPKIISSPLFKTLLSAVGSALSSSGEQE|0.515152
Red sea moses sole(Pardachirus marmoratus )|GFFALIPKIISSPLFKTLLSAVGSALSSSGGQE|0.515152
Red sea moses sole(Pardachirus marmoratus )|GFFALIPGIE|0.7
Pacific sole(Pardachirus pavoninus )|GFFALIPKIISSPIFKTLLSAVGSALSSSGGQE|0.515152
Pacific sole(Pardachirus pavoninus )|GFFAFIPKIISSPLFKTLLSAVGSALSSSGEQE|0.515152
Red sea moses sole(Pardachirus marmoratus )|GFFALIPKIISSPLFKTLLSAVGSALSSSGDQE|0.515152
Rabbit(Oryctolagus cuniculus )|IPRRRLRYEEVVAQALQFYNEGQQGQPLFRLLEATPPPSLNSKSRIPLNFRIKETVCIFTLDRQPGNCAFREGGEERICRGAFVRRRWVRALTLRCDRDQRRQPEFPRVTRPAGPTA|0.461538
Rabbit(Oryctolagus cuniculus )|IPHRRLRYEEVVAQALQFYNEGQQGQPLFRLLEATPPPSLNSKSRIPLNFRIKETVCIFTLDRQPGNCAFREGGEERICRGAFVRRRRVRALTLRCDRDQRRQPEFPRVTRPAGPTA|0.452991
Bovine(Bos taurus )|GGLRSLGRKILRAWKKYGPIIVPIIRIG|0.535714
Sheep(Ovis aries )|RGLRRLGRKIAHGVKKYGPTVLRIIRIAG|0.448276
Sheep(Ovis aries )|RGLRRLGRKIAHGVKKYGPTVLRIIRIAG|0.448276
Bovine(Bos taurus )|RLCRIVVIRVCR|0.666667
Sheep(Ovis aries )|RICRIIFLRVCR|0.666667
Sea squirt(Styela clava )|VFQFLGKIIHHVGNFVHGFSHVF|0.521739
Sea squirt(Styela clava )|AFKLLGRIIHHVGNFVYGFSHVF|0.565217
Sea squirt(Styela clava )|VFQFLGRIIHHVGNFVHGFSHVF|0.521739
Sea squirt(Styela clava )|VFHLLGKIIHHVGNFVYGFSHVF|0.565217
Sea squirt(Styela clava )|LFKLLGKIIHHVGNFVHGFSHVF|0.521739
Yellow-eye leaf frog(Agalychnis annae )|GMWGSLLKGVATVVKHVLPHALSSQQS|0.481481
Western clawed frog(Xenopus tropicalis )|GFLGPLLKLAAKGVAKVIPHLIPSRQQ|0.592593
Silk moth(Bombyx mori )|AKIPIKAIKTVGKAVGKGLRAINIASTANDVFNFLKPKKRKH|0.47619
Noctuid moth(Heliothis virescens )|GKIPIGAIKKAGKAIGKGLRAVNIASTAHDVYTFFKPKKRH|0.463415
Silk moth(Bombyx mori )|AKIPIKAIKTVGKAVGKGLRAINIASTANDVFNFLKPKKRKH|0.47619
Pig(Sus scrofa )|SWLSKTAKKLENSAKKRISEGIAIAIQGGPR|0.387097
Scorpion(Parabuthus schlechteri )|FKLGSFLKKAWKSKLAKKLRAKGKEMLKDYAKGLLEGGSEEVPGQ|0.4
Bovine(Bos taurus )|GRFKRFRKKFKKLFKKLSPVIPLLHLG|0.481481
Pig(Sus scrofa )|VGRFRRLRKKTRKRLKKIGKVLKWIPPIVGSIPLGCG|0.459459
Mediterranean mussel(Mytilus galloprovincialis )|HSHACTSYWCGKFCGTASCTHYLCRVLHPGKMCACVHCSR|0.525
Mediterranean mussel(Mytilus galloprovincialis )|HPHVCTSYYCSKFCGTAGCTRYGCRNLHRGKLCFCLHCSR|0.475
Flesh fly(Sarcophaga peregrina )|QKLPVPIPPPTNPPVAAFHNSVATNSKGGQDVSVKLAATNLGNKHVQPIAEVFAKGNTQGGNVLRGATVGVQGHGLGASVTKTQDGIAESFRKQAEANLRLGDSASLIGKVSQTDTKIKGIDFKPQLSSSSLALQGDRLGASISRDVNRGVSDTLTKSISANVFRNDNHNLDASVFRSDVRQNNGFNFQKTGGMLDYSHANGHGLNAGLTRFSGIGNQANVGGYSTLFRSNDGLTSLKANAGGSQWLSGPFANQRDYSFGLGLSHNAWR|0.379182
Flesh fly(Sarcophaga peregrina )|QKLPVPIPPPTNPPVAAFHNSVATNSKGGQDVSVKLAATNLGNKHVQPIAEVFAEGNTKGGNVIRGATVGVQGHGLGASVTKSGNGIAESFRKQAEANLRLGDSASLIGKVSQTDTKIKGIDFKPQLSSSSLALQGDRLGASISRDVNRGVSDTLTKSISANVFRNDNHNLDASVFRSDVRQNNGFNFQKTGGMLDYSHANGHGLNAGLTRFSGIGNQANVGGYSTLFRSNDGLTSLKANAGGSQWLSGPFANQRDYSFGLGLSHNAWR|0.379182
Cecropia moth(Hyalophora cecropia )|PVDKYPVLKDQPAEVLFRENNPTVLECIIEGNDQGVKYSWKKDGKSYNWQEHNAALRKDEGSLVFLRPQASDEGHYQCFAETPAGVASSRVISFRKTYLIASPAKTHEKTPIEGRPFQLDCVLPNAYPKPLITWKKRLSGADPNADVTDFDRRITAGPDGNLYFTIVTKEDVSDIYKYVCTAKNAAVDEEVVLVEYEIKGVTKDNSGYKGEPVPQYVSKDMMAKAGDVTMIYCMYGSNPMGYPNYFKNGKDVNGNPEDRITRHNRTSGKRLLFKTTLPEDEGVYTCEVDNGVGKPQKHSLKLTVVSAPKYEQKPEKVIVVKQGQDVTIPCKVTGLPAPNVVWSHNAKPLSGGRATVTDSGLVIKGVKNGDKGYYGCRATNEHGDKYFETLVQVN|0.441624
Tobacco hawkmoth(Manduca sexta )|QPVEKMPVLKDQPAEVLFRESQATVLECVTENGDKDVKYSWQKDGKEFKWQEHNIAQRKDEGSLVFLKPEAKDEGQYRCFAESAAGVATSHIISFRRTYMVVPTTFKTVEKKPVEGSWLKLECSIPEGYPKPTIVWRKQLGEDESIADSILARRITQSPEGDLYFTSVEKEDVSESYKYVCAAKSPAIDGDVPLVGYTIKSLEKNTNQKNGELVPMYVSNDMIAKAGDVTMIYCMYGGVPMAYPNWFKDGKDVNGKPSDRITRHNRTSGKRLFIKETLLEDQGTFTCDVNNEVGKPQKHSVKLTVVSGPRFTKKPEKQVIAKQGQDFVIPCEVSALPAAPVSWTFNAKPISGSRVVASPSGLTIKGIQKSDKGYYGCQAHNEHGDAYAETLVIVA|0.443038
Mexican scorpion(Centruroides limpidus limpidus )|ACQFWSCNSSCISRGYRQGYCWGIQYKYCQCQ|0.5
-(Pseudacanthotermes spiniger )|ACNFQSCWATCQAQHSIYFRRAFCDRSQCKCVFVRG|0.527778
Yellow-eye leaf frog(Agalychnis annae )|GMFTNMLKGIGKLAGQAALGAVKTLA|0.538462
Spotted frog(Rana luteiventris )|GILSLFTGGIKALGKTLFKMAGKAGAEHLACKATNQC|0.486486
Sahara scorpion(Androctonus australis )|RSVCRQIKICRRRGGCYYKCTNRPY|0.44
Mouse(Mus musculus )|SKKLICYCRIRGCKRRERVFGTCRNLFLTFVFCCS|0.514286
Giant African snail(Achatina fulica )|EGPQCSRSVDVAVVGAGPSGTYSAYKLRNKGQTVELFEYSNRIGGRLFTTHLPNVPDLNLESGGMRYFKNHHKIFGVLVKELNLSNKEFTEGFGKPGRTRFFARGKSLTLEEMTSGDVPYNLSTEEKANQANLAGYYLKKLTGFDGEVLTIPQANKLEVDDGRKLYQLTVDEALDKVGTPEGKEFLKAFSTGNTEFIEGVSAVNYFLVELGEREEEILTLTDGMSALPQALADAFLKSSTSHALTLNRKLQSLSKTDNGLYLLEFLETNTHEGYTEESNITDLVCARKVILAIPQSALIHLDWKPLRSETVNEAFNAVKFIPTSKVFLTFPTAWWLSDAVKNPAFVVKSTSPFNQMYDWKSSNVTGDAAMIASYADTSDTKFQENLNSKGELIPGSAPGANRVTVALKEELLSQLSQAYGIERSDIPEPKSGTSQFWSSYPFEGDWTVWKAGYHCEYTQYIIERPSLIDDVFVVGSDHVNCIENAWTESAFLSVENVFEKYF|0.444223
Kuroda's sea hare(Aplysia kurodai )|RRVCESQQSCDDEQCDETLNIAIVGAGPSGAYSAYKMRHSGKDVGLFEYCNRVGGRLYTYQLPNTPDVNLELGGMRYITGAHNILQEVTKELGLKSVLFTEGFGRPGRTRYFLRGQSLTHEEVQSGDVPYNLTTIEKLNQGRIYEYYLKELTGFDIGNGSISREQLLKLRVSDGRLLYQLTFDEALDLVASPEGKEFARDVHVFHTEVTSDANAVSVFDDHLGEDGAGDAILTVEEGMQKVPKELIKEFKKTSASNQVQLNKYLQAIRSKSDHSFVLYFRPTSTVDGKTTILDYRPLQRVCARQVILALPVFALRRLDWPPLHEGRAETAYAAVRNMAASKVFMTFDQAWWLDRNFTDNTAFVTKGDTPFSQMYDWKKSNVSGDYILIASYADGNNTLYQKVLRDQGESINGSEPGANRVSEPLKNNILDHLSEAYGVDRSTIPEPKTAVSQFWTDYPFGCGWITWRAGYHFDDVMSTMRRPSLKDEVYVVGADYSWGLMSSWTEGALETADAVLKDYFKGECAKPPSVDHLDSHMA|0.443203
Human(Homo sapiens )|HHGYKRK|0.142857
Human(Homo sapiens )|HHGYKR|0.166667
Pig roundworm(Ascaris suum )|AVDFSSCARMDVPGLSKVAQGLCISSCKFQNCGTGHCEKRGGRPTCVCDRCGRGGGEWPSVPMPKGRSSRGRRHS|0.386667
-(Caenorhabditis elegans )|DIDFSTCARMDVPILKKAAQGLCITSCSMQNCGTGSCKKRSGRPTCVCYRCANGGGDIPLGALIKRG|0.462687
Atlantic horseshoe crab(Limulus polyphemus )|DGIWTQLIFTLVKNLATLWQSGDFQFLDHECHYRIKPTFRRLKWKYKGKFWCPSWTSITGRATKSSRSGAVEHSVRNFVGQAKSSGLITQRQAEQFISQYN|0.405941
Japanese horseshoe crab(Tachypleus tridentatus )|EGGIWTQLALALVKNLATLWQSGDFQFLGHECHYRVNPTVKRLKWKYKGKFWCPSWTSITGRATKSSRSGAVEHSVRDFVSQAKSSGLITEKEAQTFISQYE|0.411765
Long-tailed chinchilla(Chinchilla lanigera )|GIINTIQRYFCRVRGGRCAALTCLPRETQIGRCSVKGRKCCRTRK|0.422222
-(Chassalia parviflora )|GVIPCGESCVFIPCISTLLGCSCKNKVCYRN|0.580645
Mouse(Mus musculus )|FLPKTLRKFFCRIRGGRCAVLNCLGKEEQIGRCSNSGRKCCRKKK|0.4
Chimpanzee(Pan troglodytes )|GIINTLQKYYCRVRGGRCAVLTCLPKEEQIGKCSTRGRKCCRRKK|0.4
Wheat(Triticum aestivum )|DVAGGGGAQQCPVETKLNSCRNYLLDRCSTMKDFPVTWRWWKWWKGGCQELLGECCSRLGQMPPQCRCNIIQGSIQGDLGGIFGFQRDRASKVIQEAKNLPPRCNQGPPCNIPGTIGY|0.457627
Wheat(Triticum aestivum )|EVGGGGGSQQCPQERPKLSSCKDYVMERCFTMKDFPVTWPTKWWKGGCEHEVREKCCKQLSQIAPQCRCDSIRRVIQGRLGGFLGIWRGEVFKQLQRAQSLPSKCNMGADCKFPSGYYW|0.436975
Spider(Acanthoscurria gomesiana )|QCRRLCYKQRCVTYCRGR|0.444444
Maize(Zea mays )|RSGRGECRRQCLRRHEGQPWETQECMRRCRRRG|0.242424
Asian toad(Bufo bufo gargarizans )|AGRGKQGGKVRAKAKTRSSRAGLQFPVGRVHRLLRKGNY|0.333333
Asian toad(Bufo bufo gargarizans )|TRSSRAGLQFPVGRVHRLLRK|0.380952
Common turkey(Meleagris gallopavo )|LSCKRGTCHFGRCPSHLIKGSCSGG|0.36
Rat(Rattus norvegicus )|DIPPGIRNTVCFMQRGHCRLFMCRSGERKGDICSDPWNRCCVSSSIKNR|0.428571
Mouse(Mus musculus )|DIPPGIRNTVCLMQQGHCRLFMCRSGERKGDICSDPWNRCCVPYSVKDR|0.469388
Sauvage's leaf frog(Phyllomedusa sauvagei )|ALWMTLLKKVLKAAAKALNAVLVGANA|0.703704
Carolina wolf spider(Hogna carolinensis )|IWLTALKFLGKHAAKHLAKQQLSKL|0.52
Foothill yellow-legged frog(Rana boylii )|FLPILASLAAKFGPKLFCLVTKKC|0.708333
Bull frog(Rana catesbeiana )|FLGGLIKIVPAMICAVTKKC|0.7
Sahara frog(Rana saharica )|FLPLLAGLAANFLPKIFCKITRKC|0.708333
Northern leopard frog(Rana pipiens )|FLPIIASVAAKVFSKIFCAISKKC|0.708333
Northern leopard frog(Rana pipiens )|FLPIIASVAANVFSKIFCAISKKC|0.708333
Northern leopard frog(Rana pipiens )|FLPIIASVAAKVFPKIFCAISKKC|0.75
Southern leopard frog(Rana sphenocephala )|FLPAIVGAAGKFLPKIFCAISKKC|0.708333
Wood frog(Rana sylvatica )|FLPVVAGLAAKVLPSIICAVTKKC|0.75
Foothill yellow-legged frog(Rana boylii )|FLPILASLAAKLGPKLFCLVTKKC|0.708333
Foothill yellow-legged frog(Rana boylii )|FLPILASLAATLGPKLLCLITKKC|0.708333
Green frog(Rana clamitans )|FLGGLMKAFPALICAVTKKC|0.7
Green frog(Rana clamitans )|FLGGLMKAFPAIICAVTKKC|0.7
Mediterranean fruit fly(Ceratitis capitata )|SLGGVISGAKKVAKVAIPIGKAVLPVVAKLVG|0.625
Two-colored leaf frog(Phyllomedusa bicolor )|AMWKDVLKKIGTVALHAGKAALGAVADTISQ|0.548387
Monkey frog(Phyllomedusa distincta )|ALWKNMLKGIGKLAGQAALGAVKTLVGAES|0.533333
Two-colored leaf frog(Phyllomedusa bicolor )|GLWSNIKTAGKEAAKAALKAAGKAALGAVTDAV|0.545455
Atlantic hagfish(Myxine glutinosa )|GWFKKAWRKVKNAGRVLKGVGIHYGVGLI|0.482759
Atlantic hagfish(Myxine glutinosa )|GWFKKAWRKVKHAGRRVLDTAKGVGRHYLNNWLNRYRG|0.394737
Yellow-eye leaf frog(Agalychnis annae )|GLVSGLLNTAGGLLGDLLGSLGSLSG|0.423077
Giant mexican leaf frog(Pachymedusa dacnicolor )|GVVTDLLNTAGGLLGNLVGSLSG|0.434783
Mouse(Mus musculus )|KTINNPVSCCMIGGICRYLCKGNILQNGNCGVTSLNCCKRK|0.463415
Human(Homo sapiens )|VCSCRLVFCRRTELRVGNCLIGGVSFTYCCTRV|0.545455
Honeybee(Apis mellifera )|YVPLPNVPQPGRRPFPTFPGQGPFNPKIKWPQGY|0.588235
Brown bumblebee(Bombus pascuorum )|FVPYNPPRPGQSKPFPSFPGHGPFNPKIQWPYPLPNPGH|0.589744
Mouse(Mus musculus )|DQYKCLQHGGFCLRSSCPSNTKLQGTCKPDKPNCCKS|0.378378
Mouse(Mus musculus )|AVGSLKSIGYEAELDHCHTNGGYCVRAICPPSARRPGSCFPEKNPCCKYMK|0.509804
African clawed frog(Xenopus laevis )|GVLSNVIGYLKKLGTGALNAVLKQ|0.5
Western clawed frog(Xenopus tropicalis )|GVWSTVLGGLKKFAKGGLEAIVNPK|0.48
Wrinkled frog(Rana rugosa )|SLFSLIKAGAKFLGKNLLKQGACYAACKASKQC|0.545455
Wrinkled frog(Rana rugosa )|SLFSLIKAGAKFLGKNLLKQGAQYAACKVSKEC|0.515152
Honeybee(Apis mellifera )|IKCNCKRHVIKPHICRKICGKN|0.454545
American common bumblebee(Megabombus pennsylvanicus )|MCICKNGKPLPGFIGKICRKICMMQQTH|0.535714
Oriental honeybee(Apis cerana cerana )|IKCNRKRHVIKPHICRKICGKN|0.409091
Chinese oak silk moth(Antheraea pernyi )|KWKIFKKIEKVGRNIRNGIIKAGPAVAVLGEAKAL|0.514286
Cecropia moth(Hyalophora cecropia )|KWKVFKKIEKMGRNIRNGIVKAGPAIAVLGEAKAL|0.514286
Noctuid moth(Heliothis virescens )|RWKVFKKIEKVGRNIRDGVIKAAPAIEVLGQAKAL|0.514286
Common cutworm(Spodoptera litura )|RWKVFKKIEKVGRNVRDGIIKAGPAIGVLGQAKALG|0.472222
Noctuid moth(Heliothis virescens )|KWKVFKKIEKVGRNIRDGIVKAGPAIAVLGQAN|0.484848
Common cutworm(Spodoptera litura )|RWKVFKKIEKMGRNIRDGIVKAGPAIEVLGSAKALGK|0.459459
Noctuid moth(Heliothis virescens )|RWKVFKKIEKMGRNIRDGVIKAAPAIEVLGQAK|0.484848
Bagworm moth(Oiketicus kirbyi )|WKPFKKIEKAVRRVRDGVAKAGPAVAVVGQAT|0.53125
Noctuid moth(Heliothis virescens )|DKLIGSCVWGAVNYTSDCNGECKRRGYKGGHCGSFANVNCWCET|0.409091
Blue mussel(Mytilus edulis )|SCASRCKGHCRARRCGYYVSVLYRGRCYCKCLRC|0.529412
One-spotted leafwing butterfly(Archaeoprepona demophon )|DKLIGSCVWGAVNYTSNCNAECKRRGYKGGHCGSFANVNCWCET|0.431818
Common turkey(Meleagris gallopavo )|GKREKCLRRNGFCAFLKCPTLSVISGTCSRFQVCC|0.485714
Mouse(Mus musculus )|LDTIKCLQGNNNCHIQKCPWFLLQVSTCYKGKGRCCQKRRWFARSHVYHV|0.46
Chicken(Gallus gallus )|GRKSDCFRKSGFCAFLKCPSLTLISGKCSRFYLCCKRIR|0.487179
Mouse(Mus musculus )|IGPDTKKCVQRKNACHYFECPWLYYSVGTCYKGKGKCCQKRY|0.47619
Udo longicorn beetle(Acalolepta luxuriosa )|SLQPGAPNVNNKDQPWQVSPHISRDDSGNTRTDINVQRHGENNDFEAGWSKVVRGPNKAKPTWHIGGTHRW|0.323944
-(Zophobas atratus )|SLQGGAPNFPQPSQQNGGWQVSPDLGRDDKGNTRGQIEIQNKGKDHDFNAGWGKVIRGPNKAKPTWHVGGTYRR|0.310811
Green-eyed tree frog(Litoria genimaculata )|GFVDFLKKVAGTIANVVT|0.555556
Floodplain toadlet(Uperoleia inundata )|GVLDAFRKIATVVKNVV|0.588235
Floodplain toadlet(Uperoleia inundata )|GVLDAFRKIATVVKNLV|0.588235
Floodplain toadlet(Uperoleia inundata )|GVLDAFKKIATVVKNLV|0.588235
Australian toadlet(Uperoleia mjobergii )|GVGDIFRKIVSTIKNVV|0.470588
Sauvage's leaf frog(Phyllomedusa sauvagei )|ALWKTMLKKLGTMALHAGKAALGAAADTISQGTQ|0.5
Yellow-eye leaf frog(Agalychnis annae )|SLWSKIKEMAATAGKAALNAVTGMVNQ|0.518519
Monkey frog(Phyllomedusa distincta )|GLWSKIKEAAKTAGLMAMGFVNDMV|0.56
Monkey frog(Phyllomedusa distincta )|ALWKTLLKNVGKAAGKAALNAVTDMVNQ|0.535714
Monkey frog(Phyllomedusa distincta )|ALWKTMLKKLGTMALHAGKAAFGAAADTISQ|0.548387
Blood fluke(Schistosoma mansoni )|DLWNSIKDMAAAAGRAALNAVTGMVNQ|0.555556
Yellow-bellied toad(Bombina variegata )|GIGGALLSAAKVGLKGLAKGLAEHFAN|0.518519
Giant fire-bellied toad(Bombina maxima )|GIGGVLLSAGKAALKGLAKVLAEKYAN|0.555556
Yellow-bellied toad(Bombina variegata )|GIGALSAKGALKGLAKGLAZHFAN|0.5
Rabbit(Oryctolagus cuniculus )|GRCVCRKQLLCSYRERRIGDCKIRGVRFPFCCPR|0.5
Human(Homo sapiens )|STRAFTCHCRRSCYSTEYSYGTCTVMGINHRFCCL|0.457143
Chimpanzee(Pan troglodytes )|STRAFTCHCRRSCYSTEYSYGTCTVMGINHRFCCL|0.457143
Japanese reddish frog(Rana japonica )|ILPLVGNLLNDLL|0.692308
European common frog(Rana temporaria )|FLPLIGRVLSGIL|0.692308
Hornet(Vespa magnifica )|FLPIIAKLLGGLL|0.769231
Hornet(Vespa analis )|FLPMIAKLLGGLL|0.769231
Yellow jacket(Vespula lewisii )|FLPIIAKLVSGLL|0.769231
Hornet(Vespa mandarinia )|FLPIIGKLLSGLL|0.692308
Hornet(Vespa tropica )|FLPILGKILGGLL|0.692308
Japanese hornet(Vespa xanthoptera )|FLPIIAKLLGGLL|0.769231
Foothill yellow-legged frog(Rana boylii )|FLPIIAKVLSGLL|0.769231
Northern leopard frog(Rana pipiens )|FLPIVGKLLSGLL|0.692308
European common frog(Rana temporaria )|LLPILGNLLNGLL|0.692308
European common frog(Rana temporaria )|LLPIVGNLLNSLL|0.692308
European common frog(Rana temporaria )|VLPIIGNLLNSLL|0.692308
European common frog(Rana temporaria )|FLPLIGKVLSGIL|0.692308
European common frog(Rana temporaria )|FFPVIGRILNGIL|0.692308
Green frog(Rana clamitans )|FLPFLAKILTGVL|0.769231
-(Psychotria longipes )|SIPCGESCVFIPCTVTALLGCSCKSKVCYKN|0.580645
-(Oldenlandia affinis )|GLPVCGETCVGGTCNTPGCTCSWPVCTRN|0.482759
-(Chassalia parviflora )|GIPCGESCVFIPCITSVAGCSCKSKVCYRN|0.566667
-(Chassalia parviflora )|KIPCGESCVWIPCVTSIFNCKCENKVCYHD|0.566667
-(Chassalia parviflora )|KIPCGESCVWIPCLTSVFNCKCENKVCYHD|0.566667
-(Chassalia parviflora )|AIPCGESCVWIPCISAAIGCSCKNKVCYR|0.655172
Australian violet(Viola hederacea )|GIPCGESCVYIPCLTSAIGCSCKSKVCYRN|0.566667
Sweet violet(Viola odorata )|GIPCGESCVYIPCLTSAVGCSCKSKVCYRN|0.566667
Sweet violet(Viola odorata )|GTLPCGESCVWIPCISAVVGCSCKSKVCYKN|0.580645
European field pansy(Viola arvensis )|GLPICGETCVGGTCNTPGCSCSWPVCTRN|0.482759
Sweet violet(Viola odorata )|GLPICGETCVGGTCNTPGCSCSWPVCTRN|0.482759
Sweet violet(Viola odorata )|GIPCAESCVYIPCTVTALLGCSCSNRVCYN|0.633333
Sweet violet(Viola odorata )|GIPCGESCVWIPCISSAIGCSCKSKVCYRN|0.566667
Sweet violet(Viola odorata )|GIPCGESCVWIPCLTSAIGCSCKSKVCYRN|0.566667
Sweet violet(Viola odorata )|GIPCGESCVWIPCISSAIGCSCKNKVCYR|0.586207
Sweet violet(Viola odorata )|GTPCGESCVWIPCISSAVGCSCKNKVCYKN|0.533333
Sweet violet(Viola odorata )|GTLPCGESCVWIPCISAAVGCSCKSKVCYKN|0.580645
Sweet violet(Viola odorata )|SIPCGESCVWIPCTITALAGCKCKSKVCYN|0.6
Sweet violet(Viola odorata )|GTLPCESCVWIPCISSVVGCSCKSKVCYKN|0.566667
Sweet violet(Viola odorata )|GIPCGESCVWIPCLTSAVGCSCKSKVCYRN|0.566667
Sacha uba(Leonia cymosa )|GVIPCGESCVFIPCISAAIGCSCKNKVCYRN|0.612903
Violeta(Viola cotyledon )|GSIPCAESCVYIPCFTGIAGCSCKNKVCYYN|0.612903
Sacha uba(Leonia cymosa )|GTACGESCYVLPCFTVGCTCTSSQCFKN|0.5
Violeta(Viola cotyledon )|GSIPCAESCVYIPCITGIAGCSCKNKVCYYN|0.612903
Sacha uba(Leonia cymosa )|GIPCGESCVFIPCLTTVAGCSCKNKVCYRN|0.566667
Sacha uba(Leonia cymosa )|GFPCGESCVFIPCISAAIGCSCKNKVCYRN|0.6
Greenviolet(Hybanthus floribundus )|SISCGESCVYIPCTVTALVGCTCKDKVCYLN|0.580645
Violetilla(Hybanthus parviflorus )|GIPCAESCVYIPCTITALLGCSCKNKVCYN|0.633333
-(Oldenlandia affinis )|GLPVCGETCFGGTCNTPGCSCTWPICTRD|0.482759
-(Oldenlandia affinis )|GLPTCGETCFGGTCNTPGCTCDPWPICTRD|0.466667
-(Oldenlandia affinis )|GTPCGSSCVYIPCISGVIGCSCTDKVCYLN|0.566667
-(Oldenlandia affinis )|GLPVCGETCTLGTCYTQGCTCSWPICKRN|0.482759
-(Oldenlandia affinis )|GLPVCGETCVGGTCNTPGCSCSWPVCTRN|0.482759
European field pansy(Viola arvensis )|GLPVCGETCVGGTCNTPGCSCSWPVCTRN|0.482759
European field pansy(Viola arvensis )|GLPVCGETCFGGTCNTPGCSCDPWPMCSRN|0.5
European field pansy(Viola arvensis )|GVPICGETCVGGTCNTPGCSCSWPVCTRN|0.482759
European field pansy(Viola arvensis )|GLPICGETCVGGSCNTPGCSCSWPVCTRN|0.482759
European field pansy(Viola arvensis )|GVPICGETCTLGTCYTAGCSCSWPVCTRN|0.517241
European field pansy(Viola arvensis )|GVPVCGETCFGGTCNTPGCSCDPWPVCSRN|0.5
European field pansy(Viola arvensis )|GLPVCGETCFGGTCNTPGCSCETWPVCSRN|0.466667
Australian violet(Viola hederacea )|SISCGESCAMISFCFTEVIGCSCKNKVCYLN|0.548387
Australian violet(Viola hederacea )|CAESCVWIPCTVTALLGCSCSNKVCYNGIP|0.633333
European field pansy(Viola arvensis )|GIPCGESCVWIPCITSAIGCSCKSKVCYRN|0.566667
Sweet violet(Viola odorata )|GAPICGESCFTGKCYTVQCSCSWPVCTRN|0.517241
Sweet violet(Viola odorata )|GLPVCGETCTLGKCYTAGCSCSWPVCYRN|0.551724
Greenviolet(Hybanthus floribundus )|GSPIQCAETCFIGKCYTEELGCTCTAFLCMKN|0.53125
Greenviolet(Hybanthus floribundus )|GSPRQCAETCFIGKCYTEELGCTCTAFLCMKN|0.5
Cappel(Palicourea condensata )|GDPTFCGETCRVIPVCTYSAALGCTCDDRSDGLCKRN|0.459459
Mouse(Mus musculus )|NSKRACYREGGECLQRCIGLFHKIGTCNFRFKCCKFQIPEKKTKIL|0.434783
Sea hare(Dolabella auricularia )|SHQDCYEALHKCMASHSKPFSCSMKFHMCLQQQ|0.454545
Human(Homo sapiens )|EFELDRICGYGTARCRKKCRSQEYRIGRCPNTYACCLRKWDESLLNRTKP|0.42
Rabbit(Oryctolagus cuniculus )|MPCSCKKYCDPWEVIDGSCGLFNSKYICCREK|0.53125
Chimpanzee(Pan troglodytes )|EFELDRICGYGTARCRKKCRSQEYRIGRCPNTYACCLRKWDESLLNRTKP|0.42
Korean black chafer(Holotrichia diomphalia )|SLQPGAPSFPMPGSQLPTSVSGNVEKQGRNTIATIDAQHKTDRYDVRGTWTKVVDGPGRSKPNFRIGGSYRW|0.375
Coconut rhinoceros beetle(Oryctes rhinoceros )|SLQPGAPNFPMPGSQLPTSITSNIEKQGPNTAATINAQHKTDRYDVGATWSKVIRGPGRSKPNWSIGGTYRW|0.402778
Human(Homo sapiens )|ICIFCCGCCHRSKCGMCCKT|0.6
Pig(Sus scrofa )|DTHFPICIFCCGCCRKAICGMCCKT|0.64
Zebrafish(Brachydanio rerio )|QSHLSLCRFCCKCCRNKGCGYCCKF|0.52
Atlantic salmon(Salmo salar )|QIHLSLCGLCCNCCHNIGCGFCCKF|0.6
Zebrafish(Brachydanio rerio )|QSHLSLCRFCCKCCRNKGCGYCCKF|0.52
Mouse(Mus musculus )|DINFPICRFCCQCCNKPSCGICCEE|0.6
Dog(Canis familiaris )|DTHFPICIFCCGCCKTPKCGLCCKT|0.6
Orangutan(Pongo pygmaeus )|DTHFPIYIFCCGCCHRSKCGMCCKT|0.56
Cabbage looper(Trichoplusia ni )|QAQGSVTLNSDGSMGLGAKVPIVGNEKNVLSALGSVDLNDQLKPASRGMGLALDNVNGHGLSVMKETVPGFGDRLTGAGRVNVFHNDNHDISAKAFVTKNMPDFPNVPNFNTVGGGVDYMYKNKVGASLGMANTPFLDRKDYSAMGNLNVFRSPTTSVDFNAGFKKFDTPVFKSNWEPNFGLTFSRSFGNKW|0.427083
Cecropia moth(Hyalophora cecropia )|QAGALTINSDGTSGAVVKVPITGNENHKFSALGSVDLTNQMKLGAATAGLAYDNVNGHGATLTKTHIPGFGDKMTAAGKVNLFHNDNHDFSAKAFATKNMPNIPQVPNFNTVGAGVDYMFKDKIGASANAAHTDFINRNDYSLGGKLNLFKTPTTSLDFNAGWKKFDTPFFKSSWEPSTSFSFSKYF|0.427807
Bovine(Bos taurus )|QAEESNLQSLVSQYFQTVADYGKDLVEKAKGSELQTQAKAYFEKTQEELTPFFKKAGTDLLNFLSSFIDPKKQPATR|0.402597
Bovine(Bos taurus )|QAEESNLQSLVSQYFQTVADYGKDLVEKAKGSELQTQAKAYFEKTQEELTPFFKKAGTDLLNFLSSFIDPKKQPAT|0.407895
Horse(Equus caballus )|QAEESCLQNLASRYLQTVTDYGKDLVEKALAPELQAQAKAYFEKTQEQLTPLVKKIGNDLLNFFSHFIELKTQPAT|0.460526
Human(Homo sapiens )|QAKEPCVESLVSQYFQTVTDYGKDLMEKVKSPELQAEAKSYFEKSKEQLTPLIKKAGTELVNFLSYFVELGTQPATQ|0.441558
Crab eating macaque(Macaca fascicularis )|QAEEPSVESLVSQYFQTVTDYGKDLMEKVKSPELQAQAKAYFEKSKEQLTPLVKKAGTDLVNFLSYFVELRTQPATQ|0.441558
Rhesus macaque(Macaca mulatta )|QAEEPSVESLVSQYFQTVTDYGKDLMEKVKSPELQAQAKAYFEKSKEQLTPLVKKAGTDLVNFLSYFVELRTQPATQ|0.441558
Mouse(Mus musculus )|QADGPDMQSLFTQYFQSMTEYGKDLVEKAKTSEIQSQVKAYFEKTHEQLTPLVRSAGTSLVNFFSSLMNLEEKPAPAAK|0.43038
Chimpanzee(Pan troglodytes )|QAKEPCVDNLVSQYFQTVTDYGKDLMEKVKSPELQAEAKSYFEKSKEQLTPLIKKAGTELVNFLSYFMELGTQPATQ|0.441558
Rat(Rattus norvegicus )|QAAETDVQTLFSQYLQSLTDYGKDLMEKAQPSEIQNQAKAYFQNAQERLTPFVQRTGTNLMDFLSRLMSPEEKPAPAAK|0.443038
Flesh fly(Sarcophaga peregrina )|LTCEIDRSLCLLHCRLKGYLRAYCSQQKVCRCVQ|0.529412
Flesh fly(Sarcophaga peregrina )|RSLCLLHCRLK|0.545455
Red bulldog ant(Myrmecia gulosa )|GRPNPVNNKPTPHPRL|0.4375
Red bulldog ant(Myrmecia gulosa )|GRPNPVNTKPTPYPRL|0.5
Black blowfly(Protophormia terraenovae )|DEKPKLILPTPAPPNLPQLVGGGGGNRKDGFGVSVDAHQKVWTSDNGGHSIGVSPGYSQHLPGPYGNSRPDYRIGAGYSYNF|0.414634
Black blowfly(Protophormia terraenovae )|DEKPKLILPTPAPPNLPQLVGGGGGNRKDGFGVSVDAHQKVWTSDNGRHSIGVTPGYSQHLGGPYGNSRPDYRIGAGYSYNF|0.402439
Barley(Hordeum vulgare )|ATITVVNRCSYTVWPGALPGGGVRLDPGQRWALNMPAGTAGAAV|0.568182
Barley(Hordeum vulgare )|ATFTVINKCQYTVWAAAVPAGGGQKLDAGQTWSIXXP|0.513514
Texas persimmon(Diospyros texana )|ATFDIQNKXTYTVWAAAWAPSYPGGXKQLD|0.5
Kiwi(Actinidia chinensis )|ATFNFINNCPFTVWAAAVPG|0.7
Kiwi(Actinidia deliciosa )|ATFNIINNCPFTVWAAAVPGGGKRLDRGQ|0.517241
Popcorn cassia(Cassia didymobotrya )|ATITFTNKCTRTVWPGG|0.411765
Kidney bean(Phaseolus vulgaris )|ANFEIVNNCPYTVWAAASPGGGRRLDRGQT|0.466667
Chinese chinquapin(Castanopsis chinensis )|AKITFTNNHPRTIWP|0.466667
Mediterranean fruit fly(Ceratitis capitata )|SIGSALKKALPVAKKIGKIALPIAKAALP|0.655172
Mediterranean fruit fly(Ceratitis capitata )|SIGSAFKKALPVAKKIGKAALPIAKAALP|0.655172
Winter flounder(Pseudopleuronectes americanus )|GWGSFFKKAAHVGKHVGKAALTHYL|0.48
Mediterranean fruit fly(Ceratitis capitata )|SIGSALKKALPVAKKIGKIALPIAKAALP|0.655172
Winter flounder(Pseudopleuronectes americanus )|GWGSFFKKAAHVGKHVGKAALTHYL|0.48
Silk moth(Bombyx mori )|DLRFLYPRGKLPVPTPPPFNPKPIYIDMGNRY|0.625
Silk moth(Bombyx mori )|DLRFLYPRGKLPVPTLPPFNPKPIYIDMGNRY|0.625
Silk moth(Bombyx mori )|DLRFWNPREKLPLPTLPPFNPKPIYIDMGNRY|0.59375
Two-colored leaf frog(Phyllomedusa bicolor )|SLGSFLKGVGTTLASVGKVVSDQFGKLLQAGQ|0.40625
Giant mexican leaf frog(Pachymedusa dacnicolor )|SLGSFMKGVGKGLATVGKIVADQFGKLLEA|0.466667
African clawed frog(Xenopus laevis )|GIGKFLHSAGKFGKAFVGEIMKS|0.434783
Yellow-eye leaf frog(Agalychnis annae )|SLGSFMKGVGKGLATVGKIVADQFGKLLEA|0.466667
Giant harlequin beetle(Acrocinus longimanus )|CIKNGNGCQPNGSQGNCCSGYCHKQPGWVAGYCRRK|0.388889
Love-lies-bleeding(Amaranthus caudatus )|VGECVRGRCPSGMCCSQFGYCGKGPKYCGR|0.466667
Love-lies-bleeding(Amaranthus caudatus )|VGECVRGRCPSGMCCSQFGYCGKGPKYCG|0.482759
-(Chassalia parviflora )|GIPCGESCVWIPCISAALGCSCKNKVCYRN|0.6
Mouse(Mus musculus )|PPCPSCPSCPWCPMCPRCPSCKCNPK|0.730769
Mouse(Mus musculus )|PPCPSCLSCPWCPRCLRCPMCKCNPK|0.730769
Mouse(Mus musculus )|PRCPPCPRCSWCPRCPTCPRCNCNPK|0.653846
Sea squirt(Styela clava )|GXFGKAFXSVSNFAKKHKTA|0.35
Sea squirt(Styela clava )|GXFGPAFHSVSNFAKKHKTA|0.4
Sea squirt(Styela clava )|GWFGKAFRSVSNFYKKHKTYIHAGLSAATLL|0.483871
Two-colored leaf frog(Phyllomedusa bicolor )|GWMSKIASGIGTFLSGMQQ|0.421053
Sea squirt(Styela clava )|GWLRKAAKSVGKFYYKHKYYIKAAWQIGKHAL|0.53125
Sea squirt(Styela clava )|GWLRKAAKSVGKFYYKHKYYIKAAWKIGRHAL|0.53125
Duckbill platypus(Ornithorhynchus anatinus )|FVQHRPRDCESINGVCRHKDTVNCREIFLADCYNDGQKCCRK|0.404762
Duckbill platypus(Ornithorhynchus anatinus )|IMFFEMQACWSHSGVCRDKSERNCKPMAWTYCENRNQKCCEY|0.47619
Duckbill platypus(Ornithorhynchus anatinus )|FEMQYCWSHSGVCRDKSERNNKPMAWTYCENRQKKCEF|0.394737
Flesh fly(Sarcophaga peregrina )|QHGHGGQDQHGYGHGQQAVYGKGHEGHGVNNLGQDGHGQHGYAHGHSDQHGHGGQHGQHDGYKNRGY|0.149254
Korean black chafer(Holotrichia diomphalia )|YGPGDGHGGGHGGGHGGGHGNGQGGGHGHGPGGGFGGGHGGGHGGGGRGGGGSGGGGSPGHGAGGGYPGGHGGGHHGGYQTHGY|0.119048
Yellow mealworm(Tenebrio molitor )|DHHDGHLGGHQTGHQGGQQGGHLGGQQGGHLGGHQGGQPGGHLGGHQGGIGGTGGQQHGQHGPGTGAGHQGGYKTHGH|0.115385
Human(Homo sapiens )|DSHEKRHHGYRRKFHEKHHSHREFPFYGDYGSNYLYDN|0.263158
Human(Homo sapiens )|RKFHEKHHSHREFPFYGDYGSNYLYDN|0.333333
Human(Homo sapiens )|SNYLYDN|0.428571
Mexican scorpion(Hadrurus aztecus )|GILDTIKSIASKVWNSKTVQDLKRKGINWVANKLGVSPQAA|0.439024
African yellow leg scorpion(Opistophthalmus carinatus )|GKVWDWIKSTAKKLWNSEPVKELKNTALNAAKNLVAEKIGATPS|0.454545
Emperor scorpion(Pandinus imperator )|GKVWDWIKSAAKKIWSSEPVSQLKGQVLNAAKNYVAEKIGATPT|0.477273
African yellow leg scorpion(Opistophthalmus carinatus )|GKVWDWIKSTAKKLWNSEPVKELKNTALNAAKNFVAEKIGATPS|0.454545
Japanese morning glory(Ipomoea nil )|QQCGRQASGRLCGNRLCCSQWGYCGSTASYCGAGCQSQCRS|0.390244
Japanese morning glory(Ipomoea nil )|QQCGRQASGRLCGNRLCCSQWGYCGSTASYCGAGCQSQCR|0.4
Hardy rubber tree(Eucommia ulmoides )|QTCASRCPRPCNAGLCCSIYGYCGSGNAYCGAGNCRCQCRG|0.512195
Garden pea(Pisum sativum )|EQCGRQAGGATCPNNLCCSQYGY|0.434783
Hardy rubber tree(Eucommia ulmoides )|QTCASRCPRPCNAGLCCSIYGYCGSGAAYCGAGNCRCQCRG|0.536585
Para rubber tree(Hevea brasiliensis )|EQCGRQAGGKLCPNNLCCSQWGWCGSTDEYCSPDHNCQSNCKD|0.372093
Para rubber tree(Hevea brasiliensis )|EQCGRQAGGKLCPNNLCCSQYGWCGSSDDYCSPSKNCQSNCKGGG|0.355556
Giant honeybee(Apis dorsata )|GIGAILKVLSTGLPALISWIKRKRQE|0.5
Little honeybee(Apis florea )|GIGAILKVLATGLPTLISWIKNKRKQ|0.5
Honeybee(Apis mellifera )|GIGAVLKVLTTGLPALISWIKRKRQQ|0.5
Oriental honeybee(Apis cerana cerana )|GIGAVLKVLTTGLPALIGWIKRKRQQ|0.5
Indian honeybee(Apis cerana )|GIGAVLKVLTTGLPALISWIKRKRQQ|0.5
Paper wasp(Polistes hebraeus )|GIGAVLKVLATGLPALISWIKRKRQQ|0.538462
Eastern yellow jacket(Vespula maculifrons )|GIGAVLKVLTTGLPALISWIKRKRQQ|0.5
Hornet(Vespa magnifica )|GIGAVLKVLTTGLPALISWIKRKRQQ|0.5
Hornet(Vespa velutina nigrithorax )|GIGAVLKVLTTGLPALISWIKRKRQQ|0.5
European common frog(Rana temporaria )|FIGSALKVLAGVLPSIVSWVKQ|0.636364
Centralian tree frog(Litoria gilleni )|GLVSSIGRALGGLLADVVKSKEQPA|0.48
Centralian tree frog(Litoria gilleni )|ALGGLLADVVKSKEQPA|0.529412
Centralian tree frog(Litoria gilleni )|GLVASIGRALGGLLADVVKSKEQPA|0.52
Green and golden bell frog(Litoria aurea )|GLMSSIGKALGGLIVDVLKPKTPAS|0.52
Southern bell frog(Litoria raniformis )|GLMSSIGKALGGLIVDVLKPKTPAS|0.52
Green tree frog(Litoria caerulea )|GLVSSIGRALGGLLADVVKSKEQPA|0.48
Magnificent tree frog(Litoria splendida )|GLVSSIGKALGGLLADVVKSKGQPA|0.48
Dahl's aquatic frog(Litoria dahlii )|GLLASLGKVLGGYLAEKLKP|0.55
Dahl's aquatic frog(Litoria dahlii )|GLLGSIGKVLGGYLAEKLKPK|0.47619
Dahl's aquatic frog(Litoria dahlii )|GLLASLGKVLGGYLAEKLKPK|0.52381
Dahl's aquatic frog(Litoria dahlii )|GLLASLGKVFGGYLAEKLKPK|0.52381
-(Pseudacanthotermes spiniger )|HVDKKVADKVLLLKQLRIMRLLTRL|0.52
-(Pseudacanthotermes spiniger )|HVDKKVADKVLLLKQLRIMRL|0.52381
-(Pseudacanthotermes spiniger )|KKVADKVLLLKQLRIMRLLTRL|0.545455
Edible frog(Rana esculenta )|GIFSKLAGKKIKNLLISGLKNVGKEVGMDVVRTGIDIAGCKIKGEC|0.434783
Edible frog(Rana esculenta )|GIFSKLAGKKLKNLLISGLKNVGKEVGMDVVRTGIDIAGCKIKGEC|0.434783
Edible frog(Rana esculenta )|GIFSKLGRKKIKNLLISGLKNVGKEVGMDVVRTGIDIAGCKIKGEC|0.413043
Sahara frog(Rana saharica )|GIFSKLAGKKLKNLLISGLKNVGKEVGMDVVRTGIDIAGCKIKGEC|0.434783
Sahara frog(Rana saharica )|GIFSKFGRKKIKNLLISGLKNVGKEVGMDVVRTGIDIAGCKIKGEC|0.413043
European common frog(Rana temporaria )|GLLSGLKKVGKHVAKNVAVSLMDSLKCKISGDC|0.454545
Horse(Equus caballus )|QALSYKEAVLRAVDGLNQRSSDENLYRLLELDPLPKGDKDSDTPKPVSFMVKETVCPRIMKQTPEQCDFKENGLVKQCVGTVILGPVKDHFDVSCGEPQRVKRFGRLAKSFLRMRILLPRRKILLAS|0.464567
Horse(Equus caballus )|QTLSYKEAVLRAVDGLNQRSSDENLYRLLELDPLPKEDEDPDTPKPVSFTVKETVCPRTTQQPLEECDFKENGLVKQCVGTVVLDPAKDYFDISCDKPQPIKRRHWFPLSFQEFLEQLRRFRDQLPFP|0.453125
Horse(Equus caballus )|QALSYKEAVLRAVDGLNQRSSDENLYRLLELDPLPKGDKDSDTPKPVSFMVKETVCPRIMKQTPEQCDFKENGLVKQCVGTVILDPVKDYFDASCDEPQRVKRFHSVGSLIQRHQQMIRDKSEATRHGIRIITRPKLLLAS|0.432624
Pig(Sus scrofa )|QLRYREAVLRAVDRLNEQSSEANLYRLLELDQPPKADEDPGTPKPVSFTVKETVCPRPTRQPPELCDFKEKQCVGTVTLNPSIHSLDISCNEIQSV|0.447917
Giant mexican leaf frog(Pachymedusa dacnicolor )|GMWSKIKNAGKAAAKASKKAAGKAALGAVSEAL|0.515152
Sauvage's leaf frog(Phyllomedusa sauvagei )|GLWSKIKTAGKSVAKAAAKAAVKAVTNAV|0.551724
Winter flounder(Pseudopleuronectes americanus )|GWGSIFKHGRHAAKHIGHAAVNHYL|0.44
Two-colored leaf frog(Phyllomedusa bicolor )|RGLWSKIKEAGKAALTAAGKAALGAVSDAV|0.533333
Orange-legged leaf frog(Phyllomedusa oreades )|GLWSTIKQKGKEAAIAAAKAAGQAALGAL|0.551724
Floodplain toadlet(Uperoleia inundata )|GFVDLAKKVVGGIRNALGI|0.526316
Floodplain toadlet(Uperoleia inundata )|GFFDLAKKVVGGIRNALGI|0.526316
Floodplain toadlet(Uperoleia inundata )|GILDFAKTVVGGIRNALGI|0.526316
Bovine(Bos taurus )|QGVRNFVTCRINRGFCVPIRCPGHRRQIGTCLGPRIKCCR|0.475
Bovine(Bos taurus )|VRNFVTCRINRGFCVPIRCPGHRRQIGTCLGPQIKCCR|0.5
Bovine(Bos taurus )|QGVRNFVTCRINRGFCVPIRCPGHRRQIGTCLAPQIKCCR|0.5
American dog tick(Dermacentor variabilis )|GFGCPLNQGACHNHCRSIRRRGGYCSGIIKQTCTCYRN|0.394737
Sahara scorpion(Androctonus australis )|GFGCPFNQGACHRHCRSIRRRGGYCAGLFKQTCTCYR|0.432432
Yellow scorpion(Leiurus quinquestriatus hebraeus )|GFGCPLNQGACHRHCRSIRRRGGYCAGFFKQTCTCYRN|0.421053
Ebony cup(Pseudoplectania nigrella )|GFGCNGPWDEDDMQCHNHCKSIKGYKGGYCAKGGFVCKCY|0.425
Guinea pig(Cavia porcellus )|TRGYVMVGSARTFNEAQWVCQRCYRGNLASIHSFAFNYQVQCTSAGLNVAQVWIGGQLRGKGRCRRFVWVDRTVWNFAYWARGQPWGGRQRGRCVTLCARGGHWRRSHCGKRRPFVCTY|0.462185
Guinea pig(Cavia porcellus )|ICRYVVLSVPKTFKQAQSVCQRCFRGNLASIHSYNINLQVQRSSRILNVAQVWIGGQLRGKGHHKHFHWVDGTLWNFWYWAAGQPWRGNNSGRCVTLCARGGHWRRSHCGVRRAFSCSY|0.453782
Human(Homo sapiens )|TCRYLLVRSLQTFSQAWFTCRRCYRGNLVSIHNFNINYRIQCSVSALNQGQVWIGGRITGSGRCRRFQWVDGSRWNFAYWAAHQPWSRGGHCVALCTRGGYWRRAHCLRRLPFICSY|0.487179
Chinese hamster(Cricetulus griseus )|TCRYLLVRSLQTFSQAWFTCRRCYRGNLVSIHNFNINYRIQCSVSALNQGQVWIGGRITGSGRCRRFQWVDGSRWNFAYWAAHQPWSRGGHCVALCTRGGYWRRAHCLRRLPFICSY|0.487179
Mouse(Mus musculus )|TCRYLLVRRAECFDKAQSVCRRCYRGTLASIHSFSVNFGIQSAVRGINQGQVWIGGRIKGWGRCKRFRWVDGSSWNFAYWAAGQPCPGGGRCVTLCTQGGHWRLSHCVKRRPFICSY|0.470085
Rat(Rattus norvegicus )|TGRYLLVRRPECFNKAQLVCRSCYRGTLASIHSFSVNFRIQSFVRGINQGQVWIGGRIVGWGRCKRFRWIDGSSWNFAYWAAGQPRRGGGRCVTLCTRGGHWRRSGCGKRRPFICAY|0.452991
African clawed frog(Xenopus laevis )|GWASKIGQTLGKIAKVGLQGLMQPK|0.44
African clawed frog(Xenopus laevis )|YVRGMASKAGAIAGKIAKVALKAL|0.625
African clawed frog(Xenopus laevis )|GMASKAGAIAGKIAKVALKAL|0.619048
African clawed frog(Xenopus laevis )|GWASKIGQTLGKIAKVGLKELIQPK|0.44
Western clawed frog(Xenopus tropicalis )|GLASTLGSFLGKFAKGGAQAFLQPK|0.48
Giant fire-bellied toad(Bombina maxima )|ILGPVLGLVSDTLDDVLGIL|0.6
Giant fire-bellied toad(Bombina maxima )|ILGPVISKIGGVLGGLLKNL|0.55
Giant fire-bellied toad(Bombina maxima )|ILGPVLGLVGNALGGLIKNE|0.55
Giant fire-bellied toad(Bombina maxima )|ILGPVLSLVGNALGGLLKNE|0.55
Yellow-bellied toad(Bombina variegata )|LIGPVLGLVGSALGGLLKKI|0.6
Yellow-bellied toad(Bombina variegata )|IIGPVLGLVGSALGGLLKKI|0.6
Giant fire-bellied toad(Bombina maxima )|ILGPVLGLVGNALGGLLKNL|0.6
Giant fire-bellied toad(Bombina maxima )|ILGPVLGLVGNALGGLIKKI|0.6
Giant fire-bellied toad(Bombina maxima )|ILGPVLGLVGSALGGLIKKI|0.6
Giant fire-bellied toad(Bombina maxima )|ILGPVISTIGGVLGGLLKNL|0.55
Giant fire-bellied toad(Bombina maxima )|LLGPVLGLVSNALGGLLKNI|0.6
Giant fire-bellied toad(Bombina maxima )|ILGPVLGLVSNALGGLLKNI|0.6
Giant fire-bellied toad(Bombina maxima )|ILGPVLGLVSNALGGLLKNI|0.6
Giant fire-bellied toad(Bombina maxima )|ILGPVLGLVGSALGGLIKKI|0.6
Giant fire-bellied toad(Bombina maxima )|ILGPVLGLVGSALGGLIKKI|0.6
Giant fire-bellied toad(Bombina maxima )|ILGPVLGLVGSALGGLIKKI|0.6
Giant fire-bellied toad(Bombina maxima )|ILGPVLGLVGEPLGGLIKKI|0.6
Giant fire-bellied toad(Bombina maxima )|ILGPVLGLVGNALGGLLKNL|0.6
Giant fire-bellied toad(Bombina maxima )|ILGPVLSLVGNALGGLIKKI|0.6
Giant fire-bellied toad(Bombina maxima )|ILGPVLGLVGNALGGLIKKI|0.6
Giant fire-bellied toad(Bombina maxima )|ILGPVLGLVGNALGGLIKKI|0.6
Giant fire-bellied toad(Bombina maxima )|ILGPVLGLVGNALGGLIKKI|0.6
Giant fire-bellied toad(Bombina maxima )|ILGPVLGLVSNALGGLIKKI|0.6
Giant fire-bellied toad(Bombina maxima )|ILGPVLGLVSNALGGLIKKI|0.6
Giant fire-bellied toad(Bombina maxima )|ILGPVLGLVGNALGGLIKKI|0.6
Giant fire-bellied toad(Bombina maxima )|ILGPVLGLVGNALGGLIKKI|0.6
Giant fire-bellied toad(Bombina maxima )|ILGPVLGLVGNALGGLIKKI|0.6
Giant fire-bellied toad(Bombina maxima )|ILGPVLGLVGNALGGLIKKI|0.6
Giant fire-bellied toad(Bombina maxima )|ILGPVLGLVGNALGGLIKKI|0.6
Giant fire-bellied toad(Bombina maxima )|ILGPVLGLVGNALGGLIKKI|0.6
Giant fire-bellied toad(Bombina maxima )|ILGPVISKIGGVLGGLLKNL|0.55
Giant fire-bellied toad(Bombina maxima )|ILGPVISKIGGVLGGLLKNL|0.55
Giant fire-bellied toad(Bombina maxima )|ILGPVLGLVSNALGGLLKNL|0.6
Giant fire-bellied toad(Bombina maxima )|ILGPVLSLVGSALGGLIKKI|0.6
Giant fire-bellied toad(Bombina maxima )|ILGPVIKTIGGVLGGLLKNL|0.55
Giant fire-bellied toad(Bombina maxima )|ILGPVIGTIGNVLGGLLKNL|0.55
Giant fire-bellied toad(Bombina maxima )|ILGPVIKTIGGVIGGLLKNL|0.55
Giant fire-bellied toad(Bombina maxima )|ILGPVLGLVGNALGGLIKKI|0.6
Giant fire-bellied toad(Bombina maxima )|ILGPVLGLVGSALGGLIKKI|0.6
Giant fire-bellied toad(Bombina maxima )|ILGPVLSLVGNALGGLIKKI|0.6
Giant fire-bellied toad(Bombina maxima )|ILGPVLSLVGSALGGLIKKI|0.6
Giant fire-bellied toad(Bombina maxima )|ILGPVLSLVGSALGGLIKKI|0.6
Giant fire-bellied toad(Bombina maxima )|ILGPVLGLVSNAIGGLIKKI|0.6
Giant fire-bellied toad(Bombina maxima )|ILGPVLSLVGSALGGLIKKI|0.6
Pig(Sus scrofa )|MTPFWRAVSLRPIGASCRDDSECLTRLCRKRRCSLSVAQE|0.475
Penoeid shrimp(Penaeus vannamei )|QVYKGGYTRPIPRPPPFVRPLPGGPIGPYNGCPVSCRGISFSQARSCCSRLGRCCHVGKGYS|0.516129
Penoeid shrimp(Penaeus vannamei )|QVYKGGYTRPVPRPPPFVRPLPGGPIGPYNGCPVSCRGISFSQARSCCSRLGRCCHVGKGYS|0.516129
Penoeid shrimp(Penaeus vannamei )|QVYKGGYTRPIPRPPFVRPVPGGPIGPYNGCPVSCRGISFSQARSCCSRLGRCCHVGKGYS|0.508197
Bovine(Bos taurus )|MTPFWRAVSLRPIGASCRDDSECITRLCRKRRCSLSVAQE|0.475
Guinea pig(Cavia porcellus )|MTPFWRGVSLRPIGASCRDDSECITRLCKKRRCSLSVAQE|0.45
Human(Homo sapiens )|MTPFWRGVSLRPIGASCRDDSECITRLCRKRRCSLSVAQE|0.45
Rhesus macaque(Macaca mulatta )|MTPFWRGVSLRPIGASCRDDSECITRLCRKRRCSLSVAQE|0.45
Mouse(Mus musculus )|MTPFWRGVSLRPIGASCRDDSECITRLCRKRRCSLSVAQE|0.45
Penoeid shrimp(Penaeus vannamei )|QVYKGGYTRPIPRPPPFVRPLPGGPIGPYNGCPISCRGISFSQARSCCSRLGRCCHVGKGYS|0.516129
Penoeid shrimp(Penaeus vannamei )|QVYKGGYTRPIPRPPPFVRPLPGGPIGPYNGCPVSCRGISFSQARSCCSRLGRCCHVGKGYS|0.516129
Penoeid shrimp(Penaeus vannamei )|QVYKGGYTRPIPRPPPFVRPLPGGPIGPYNGCPISCRGISFSQARSCCSRLGRCCHVGKGYS|0.516129
Penoeid shrimp(Penaeus vannamei )|QVYKGGYTRPIPRPPPFVRPLPGGPISPYNGCPVSCRGISFSQARSCCSRLGRCCHVGKGYS|0.516129
Penoeid shrimp(Penaeus vannamei )|QVYKGGYTRPIPRPPPFVRPLPGGPIGPYNGCPISCRGISFSQARSYCSRLGRCCHVGKGYS|0.516129
Penoeid shrimp(Penaeus vannamei )|QVYKGGYTRPIPRPPPFVRPLPGGPIGPYNGRPVSCRGISFSQARSCCSRLGRCCHVGKGYS|0.5
Penoeid shrimp(Penaeus vannamei )|QVYKGGYTRPVPRPPFVRPLPGGPIGPYNGCPVSCRGISFSQARSCCSRLGRCCHVGKGYS|0.508197
Atlantic white shrimp(Litopenaeus setiferus )|QGYKGPYTRPILRPYVRPVVSYNACTLSCRGITTTQARSCCTRLGRCCHVAKGYS|0.490909
Atlantic white shrimp(Litopenaeus setiferus )|QGYKGPYTRPILRPYVRPVVSYNVCTLSCRGITTTQARSCCTRLGRCCHVAKGYS|0.490909
Atlantic white shrimp(Litopenaeus setiferus )|QGCKGPYTRPILRPYVRPVVSYNACTLSCRGITTTQARSCCTRLGRCCHVAKGYS|0.490909
Atlantic white shrimp(Litopenaeus setiferus )|QGYKGPYTRPILRPYVRPVVSYNACTLSCRGITTTQARSCSTRLGRCCHVAKGYS|0.472727
Penoeid shrimp(Penaeus vannamei )|YSSGYTRPLPKPSRPIFIRPIGCDVCYGIPSSTARLCCFRYGDCCHR|0.553191
Penoeid shrimp(Penaeus vannamei )|HSSGYTRPLPKPSRPIFIRPIGCDVCYGIPSSTARLCCFRYGDCCHR|0.531915
Atlantic white shrimp(Litopenaeus setiferus )|HSSGYTRPLRKPSRPIFIRPIGCDVCYGIPSSTARLCCFRYGDCCHL|0.531915
Emperor scorpion(Pandinus imperator )|FWGALAKGALKLIPSLFSSFSKKD|0.541667
Ponerine ant(Pachycondyla goeldii )|WLGSALKIGAKLLPSVVGLFKKKKQ|0.52
Ponerine ant(Pachycondyla goeldii )|GIWGTLAKIGIKAVPRVISMLKKKKQ|0.5
Ponerine ant(Pachycondyla goeldii )|FWGALIKGAAKLIPSVVGLFKKKQ|0.583333
Wrinkled frog(Rana rugosa )|FLGALFKVASKVLPSVFCAITKKC|0.666667
Ponerine ant(Pachycondyla goeldii )|WLGSALKIGAKLLPSVVGLFQKKKK|0.52
Balsam(Impatiens balsamina )|QYRHRCCAWGPGRKYCKRWC|0.5
Balsam(Impatiens balsamina )|QWGRRCCGWGPGRRYCVRWC|0.5
Balsam(Impatiens balsamina )|QYGRRCCNWGPGRRYCKRWC|0.45
Balsam(Impatiens balsamina )|QWGRRCCGWGPGRRYCRRWC|0.45
Horse(Equus caballus )|MIQLSHKCCYWGCTRKELARQC|0.5
Blue mussel(Mytilus edulis )|GFGCPNDYPCHRHCKSIPGRXGGYCGGXHRLRCTCYR|0.405405
Blue mussel(Mytilus edulis )|GFGCPNDYPCHRHCKSIPGRYGGYCGGXHRLRCTC|0.428571
Dragonfly(Aeschna cyanea )|GFGCPLDQMQCHRHCQTITGRSGGYCSGPLKLTCTCYR|0.421053
Mediterranean mussel(Mytilus galloprovincialis )|GFGCPNNYQCHRHCKSIPGRCGGYCGGWHRLRCTCYRC|0.447368
Rhesus macaque(Macaca mulatta )|RCLCRRGVC|0.555556
Southeast Asian horseshoe crab(Tachypleus gigas )|KWCFRVCYRGICYRRCR|0.588235
Japanese horseshoe crab(Tachypleus tridentatus )|KWCFRVCYRGICYRRCR|0.588235
Southeast Asian horseshoe crab(Tachypleus gigas )|KWCFRVCYRGICYRKCR|0.588235
Southeast Asian horseshoe crab(Carcinoscorpius rotundicauda )|KWCFRVCYRGICYRRCR|0.588235
Human(Homo sapiens )|DTHFPICIFCCGCCHRSKCGMCCKT|0.56
White bass x Striped bass(Morone chrysops x Morone saxatilis )|GCRFCCNCCPNMSGCGVCCRF|0.619048
Mouse(Mus musculus )|DTNFPICIFCCKCCNNSQCGICCKT|0.56
Rat(Rattus norvegicus )|DTNFPICLFCCKCCKNSSCGLCCIT|0.6
White mustard(Sinapis alba )|QKLCARPSGTWSSGNCRNNNACRNFCIKLEKSRHGSCNIPFPSNKCICYFPC|0.461538
Rape(Brassica napus )|KLCERSSGTWSGVCGNNNACKNQCIRLEGAQHGSCNYVFPAHKCICYFPC|0.48
Bell pepper(Capsicum annuum )|KICEALSGNFKGLCLSSRDCGNVCRREGFTDGSCIGFRLQCFCTKPCA|0.458333
Fruit fly(Drosophila melanogaster )|DCLSGRYKGPCAVWDNETCRRVCKEEGRSSGHCSPSLKCWCEGC|0.409091
Pig(Sus scrofa )|RGGRLCYCRRRFCVCVGR|0.5
Pig(Sus scrofa )|RGGRLCYCRRRFCICV|0.5625
Pig(Sus scrofa )|RGGRLCYCRGWICFCVGR|0.555556
Pig(Sus scrofa )|RGGRLCYCRPRFCVCVGR|0.555556
Indian bull frog(Hoplobatrachus tigerinus )|FCTMIPIPRCY|0.818182
Indian bull frog(Hoplobatrachus tigerinus )|RVCFAIPLPICH|0.833333
Indian bull frog(Hoplobatrachus tigerinus )|RVCYAIPLPICY|0.916667
Indian bull frog(Hoplobatrachus tigerinus )|RVCYAIPLPIC|0.909091
Fall webworm(Hyphantria cunea )|RWKVFKKIEKVGRNIRDGVIKAGPAIAVVGQAKAL|0.514286
Fall webworm(Hyphantria cunea )|RWKVFKKIEKVGRHIRDGVIKAGPAITVVGQATAL|0.485714
Silk moth(Bombyx mori )|RWKLFKKIEKVGRNVRDGLIKAGPAIAVIGQAKSL|0.485714
Silk moth(Bombyx mori )|PWNIFKEIERAVARTRDAVISAGPAVRTVAAATSVAS|0.567568
Spinach(Spinacia oleracea )|GIFSSRKCKTVSKTFRGICTRNANC|0.36
Spinach(Spinacia oleracea )|MFFSSKKCKTVSKTFRGPCVRNA|0.434783
Spinach(Spinacia oleracea )|MFFSSKKCKTVXKTFRGPCVRNAN|0.416667
Spinach(Spinacia oleracea )|GIFSSRKCKTPSKTFKGYCTRDSNCDTSCRYEGYPAGD|0.342105
Bovine(Bos taurus )|RFRPPIRRPPIRPPFYPPFRPPIRPPIFPPIRPPFRPPLGPFP|0.767442
Goat(Capra hircus )|RFRPPIRRPPIRPPFNPPFRPPVRPPFRPPFRPPFRPPIGPFP|0.72093
Sheep(Ovis aries )|RFRPPIRRPPIRPPFRPPFRPPVRPPIRPPFRPPFRPPIGPFP|0.72093
Bovine(Bos taurus )|RRIRPRPPRLPRPRPRPLPFPRPGPRPIPRPLPFPRPGPRPIPRPLPFPRPGPRPIPRPL|0.666667
Maize(Zea mays )|AVFTVVNQCPFTVWAASVPVGGGRQLNRGESWRITAPAGTTAARIWARTGCQFDASGRGSCRTGDCGGVVQCTGYGRAPNTLAEYALKQFNNLDFFDISILDGFNVPYSFLPDGGSGCSRGPRCAVDVNARCPAELRQDGVCNNACPVFKKDEYCCVGSAANNCHPTNYSRYFKGQCPDAYSYPKDDATSTFTCPAGTNYKVVFCP|0.495146
Common tobacco(Nicotiana tabacum )|SGVFEVHNNCPYTVWAAATPVGGGRRLERGQSWWFWAPPGTKMARIWGRTNCNFDGAGRGWCQTGDCGGVLECKGWGKPPNTLAEYALNQFSNLDFWDISVIDGFNIPMSFGPTKPGPGKCHGIQCTANINGECPGSLRVPGGCNNPCTTFGGQQYCCTQGPCGPTELSRWFKQRCPDAYSYPQDDPTSTFTCTSWTTDYKVMFCPYGSAHNETTNFPLEMPTSTHEVAK|0.456522
-(-)|ATFEVRNNCPYTVWAASTPIGGGRRLDRGQTWVINAPRGTKMARIWGRTNCNFDGDGRGSCQTGDCGGVLQCTGWGKPPNTLAEYALDQFSNLDFWDISLVDGFNIPMTFAPTNPSGGKCHAIHCTANINGECPGSLRVPGGCNNPCTTFGGQQYCCTQGPCGPTDLSRFFKQRCPDAYSYPQDDPTSTFTCPSGSTNYRVVFCPNGVTSPNFPLEMPSSDEEAK|0.444444
Maize(Zea mays )|AAVFTVVNQCPFTVWAASVPVGGGRQLNRGESWRITAPAGTTAARIWARTGCKFDASGRGSCRTGDCGGVLQCTGYGRAPNTLAEYALKQFNNLDFFDISLIDGFNVPMSFLPDGGSGCSRGPRCAVDVNARCPAELRQDGVCNNACPVFKKDEYCCVGSAANDCHPTNYSRYFKGQCPDAYSYPKDDATSTFTCPAGTNYKVVFCP|0.497585
-(-)|ATIEVRNNCPYTVWAASTPIGGGRRLNRGQTWVINAPRGTKMARIWGRTGCNFNAAGRGTCQTGDCGGVLQCTGWGKPPNTLAEYALDQFSNLDFWDISLVDGFNIPMTFAPTKPSGGKCHAIHCTANINGECPRALKVPGGCNNPCTTFGGQQYCCTQGPCGPTELSKFFKKRCPDAYSYPQDDPTSTFTCPGGSTNYRVVFCPNGVADPNFPLEMPASTDEVAK|0.469027
Para rubber tree(Hevea brasiliensis )|ATFTIRNNXPYTVWAAASPGGGRRLDMARIWGRTNXNFD|0.435897
Commerson's wild potato(Solanum commersonii )|ATIEVRNNCPYTVWAASTPIGGGRRLDRGQTWVINAPRGTKMARIWGRTNCNFDGAGRGSCQTGDCGGVLQCTGWGKPPNTLAEYALDQFSNLDFWDISLVDGFNIPMTFAPTNPSGGKCHAIHCTANINGECPGSLRVPGGCNNPCTTFGGQQYCCTQGPCGPTDLSRFFKQRCPDAYSYPQDDPTSTFTCPSGSTNYRVVFCPNGVTSPNFPLEMPASDEEAK|0.453333
Commerson's wild potato(Solanum commersonii )|SGVFEVHNNCPYTVWAAATPIGGGRRLERGQSWWFWAPPGTKMARIWGRTNCNFDGAGRGWCQTGDCGGVLECKGWGKPPNTLAEYALNQFSNLDFWDISVIDGFNIPMSFGPTNPGPGKCHPIQCVANINGECPGSLRVPGGCNNPCTTFGGQQYCCTQGPCGPTDLSRFFKQRCPDAYSYPQDDPTSTFTCQSWTTDYKVMFCPYGSTHNETTNFPLEMPTSTLEVA|0.467249
Commerson's wild potato(Solanum commersonii )|ATIEVRNNCPYTVWAASTPIGGGRRLNKGQTWVINAPRGTKMARIWGRTGCNFNAAGRGSCQTGDCGGVLQCTGWGKPPNTLAEYALDQFSNLDFWDISLVDGFNIPMTFAPTKPSAGKCHAIHCTANINGECPRALKVPGGCNNPCTTFGGQQYCCTQGPCGPTELSKFFKKRCPDAYSYPQDDPTSTFTCPSGSTNYRVVFCPNGVADPNFPLEMPASTDEVAK|0.473451
Mouse-ear cress(Arabidopsis thaliana )|ATFEILNQCSYTVWAAASPGGGRRLDAGQSWRLDVAAGTKMARIWGRTNCNFDSSGRGRCQTGDCSGGLQCTGWGQPPNTLAEYALNQFNNLDFYDISLVDGFNIPMEFSPTSSNCHRILCTADINGQCPNVLRAPGGCNNPCTVFQTNQYCCTNGQGSCSDTEYSRFFKQRCPDAYSYPQDDPTSTFTCTNTNYRVVFCPRSRLGATGSHQLPIKMVTEEN|0.432432
Common tobacco(Nicotiana tabacum )|ATIEVRNNCPYTVWAASTPIGGGRRLDRGQTWVINAPRGTKMARVWGRTNCNFNAAGRGTCQTGDCGGVLQCTGWGKPPNTLAEYALDQFSGLDFWDISLVDGFNIPMTFAPTNPSGGKCHAIHCTANINGECPRELRVPGGCNNPCTTFGGQQYCCTQGPCGPTFFSKFFKQRCPDAYSYPQDDPTSTFTCPGGSTNYRVIFCPNGQAHPNFPLEMPGSDEVAK|0.462222
Soybean(Glycine max )|ARFEITNRCTYTVWAASVPVGGGVQLNPGQSWSVDVPAGTKGARVWARTGCNFDGSGRGGCQTGDCGGVLDCKAYGAPPNTLAEYGLNGFNNLDFFDISLVDGFNVPMDFSPTSNGCTRGISCTADINGQCPSELKTQGGCNNPCTVFKTDQYCCNSGSCGPTDYSRFFKQRCPDAYSYPKDDPPSTFTCNGGTDYRVVFCP|0.445545
Mouse-ear cress(Arabidopsis thaliana )|TDFTLRNNCPTTVWAGTLAGQGPKLGDGGFELTPGASRQLTAPAGWSGRFWARTGCNFDASGNGRCVTGDCGGLRCNGGGVPPVTLAEFTLVGDGGKDFYDVSLVDGYNVKLGIRPSGGSGDCKYAGCVSDLNAACPDMLKVMDQNNVVACKSACERFNTDQYCCRGANDKPETCPPTDYSRIFKNACPDAYSYAYDDETSTFTCTGANYEITFCP|0.453704
Common tobacco(Nicotiana tabacum )|ATFDIVNKCTYTVWAAASPGGGRRLDSGQSWSINVNPGTVQARIWGRTNCNFDGSGRGNCETGDCNGMLECQGYGKAPNTLAEFALNQPNQDFVDISLVDGFNIPMEFSPTNGGCRNLRCTAPINEQCPAQLKTQGGCNNPCTVIKTNEYCCTNGPGSCGPTDLSRFFKERCPDAYSYPQDDPTSLFTCPSGTNYRVVFCP|0.442786
Common tobacco(Nicotiana tabacum )|ATFDIVNQCTYTVWAAASPGGGRQLNSGQSWSINVNPGTVQARIWGRTNCNFDGSGRGNCETGDCNGMLECQGYGKPPNTLAEFALNQPNQDFVDISLVDGFNIPMEFSPTNGGCRNLRCTAPINEQCPAQLKTQGGCNNPCTVIKTNEFCCTNGPGSCGPTDLSRFFKARCPDAYSYPQDDPPSLFTCPPGTNYRVVFCP|0.457711
Ozark white cedar(Juniperus ashei )|VKFDIKNQCGYTVWAAGLPGGGKRLDQGQTWTVNLAAGTASARFWGRTGCTFDASGKGSCQTGDCGGQLSCTVSGAVPATLAEYTQSDQDYYDVSLVDGFNIPLAINPTNAQCTAPACKADINAVCPSELKVDGGCNSACNVFKTDQYCCRNAYVDNCPATNYSKIFKNQCPQAYSYAKDDTATFACASGTDYSIVFCP|0.482412
Eastern red cedar(Juniperus virginiana )|VKFDIKNQCGYTVWAAGLPGGGKRLDQGQTWTVNLAAGTASARFWGRTGCTFDASGKGSCQTGDCGRQLSCTVSGAVPATLAEYTQSDQDY|0.406593
Katemfe(Thaumatococcus daniellii )|ATFEIVNRCSYTVWAAASKGDAALDAGGRQLNSGESWTINVEPGTNGGKIWARTDCYFDDSGSGICKTGDCGGLLRCKRFGRPPTTLAEFSLNQYGKDYIDISNIKGFNVPMNFSPTTRGCRGVRCAADIVGQCPAKLKAPGGGCNDACTVFQTSEYCCTTGKCGPTEYSRFFKRLCPDAFSYVLDKPTTVTCPGSSNYRVTFCPTA|0.454106
Katemfe(Thaumatococcus daniellii )|ATFEIVNRCSYTVWAAASKGDAALDAGGRQLNSGESWTINVEPGTKGGKIWARTDCYFDDSGRGICRTGDCGGLLQCKRFGRPPTTLAEFSLNQYGKDYIDISNIKGFNVPMDFSPTTRGCRGVRCAADIVGQCPAKLKAPGGGCNDACTVFQTSEYCCTTGKCGPTEYSRFFKRLCPDAFSYVLDKPTTVTCPGSSNYRVTFCPTA|0.454106
Crown daisy(Chrysanthemum coronarium )|ANFDIINQXPYTVXAAASPGGGRRLETGQSXXLQVAPGTTXAAI|0.431818
Sweet chestnut(Castanea sativa )|AKITFTNNCPRTIWPGTLTSDQKPQLPNTGFVLASKASLTLGVQAPWKGRFWARTRCTTNSGKFTCETADCSTGQVACNGNGAIPPASLVEINIAANRGMDFYDVSLVDGYNLPVSVATRGGTGDCKATSCRANVNAVCPAELQVKGSDASVLACKSACTAFNQPQYCCTGAFDTARTCPATKYSRIFKQQCPQAYSYAYDDSTSTFTCSGAPDYVITFCP|0.488688
Peach(Prunus persica )|AKITFTNKCSYTVWPGTLTGDQKPQLSLTGFELATGISRSVDAPSPWSGRFFGRTRCSTDASGKFTCATADCGSGQVSCNGNGAAPPATLVEITIASNGGQDFYDVSLVDGFNLPMSVAPQGGTGKCKASTCPADINKVCPAPLQVKGSDGSVIACKSACLAFNQPKYCCTPPNDKPETCPPPDYSKLFKTQCPQAYSYAYDDKSSTFTCSGRPAYLITFCP|0.481982
Japanese pear(Pyrus pyrifolia )|AKFTFTNKCPNTVWPGTLTGGGGPQLLSTGFELASGASTSLTVQAPWSGRFWGRSHCSIDSSGKFKCSTGDCGSGQISCNGAGASPPASLVELTLATNGGQDFYDVSLVDGFNLPIKLAPRGGSGDCNSTSCAANINTVCPAELSDKGSDGSVIGCKSACLALNQPQYCCTGAYGTPDTCPPTDFSKVFKNQCPQAYSYAYDDKSSTFTCFGGPNYEITFCP|0.445946
Peach(Prunus persica )|ATMSFKNNCPYTVWPASFGNPQLSTTGFELASQASFQLDTPVPWSGRFWARTRCSTDASGKFVCETADCDSGQLMCNGKTGIPPATLAEFTIAAGGGQDFYDVSLVDGFNLPMSVTPQGGTGTCKMGSCAANVNLVCPSELQKIGSDGSVVACLSACVKFGEPQYCCTPPQETKEKCPPTNYSQIFHEQCPDAYSYAFDDNKGLFTCSGGPNYLITFCP|0.488584
Mouse-ear cress(Arabidopsis thaliana )|STVIFYNKCKHPVWPGIQPSAGQNLLAGGGFKLPANKAHSLQLPPLWSGRFWGRHGCTFDRSGRGHCATGDCGGSLSCNGAGGEPPATLAEITLGPELDFYDVSLVDGYNLAMSIMPVKGSGQCSYAGCVSDLNQMCPVGLQVRSRNGKRVVACKSACSAFNSPQYCCTGLFGNPQSCKPTAYSKIFKVACPKAYSYAYDDPTSIATCSKANYIVTFCPHHRH|0.497758
Cherry(Prunus avium )|ATISFKNNCPYMVWPGTLTSDQKPQLSTTGFELASQASFQLDTPVPWNGRFWARTGCSTDASGKFVCATADCASGQVMCNGNGAIPPATLAEFNIPAGGGQDFYDVSLVDGFNLPMSVTPQGGTGDCKTASCPANVNAVCPSELQKKGSDGSVVACLSACVKFGTPQYCCTPPQNTPETCPPTNYSEIFHNACPDAYSYAYDDKRGTFTCNGGPNYAITFCP|0.495495
Apple(Malus domestica )|AKITFTNNCPNTVWPGTLTGDQKPQLSLTGFELASKASRSVDAPSPWSGRFWGRTRCSTDAAGKFTCETADCGSGQVACNGAGAVPPATLVEITIAANGGQDYYDVSLVDGFNLPMSVAPQGGTGECKPSSCPANVNKVCPAPLQVKAADGSVISCKSACLAFGDSKYCCTPPNNTPETCPPTEYSEIFEKQCPQAYSYAYDDKNSTFTCSGGPDYVITFCP|0.486486
Apple(Malus domestica )|NTVWPGTLTGDQKPQLSLTAFELASKASQSVDAPSPWSGRFWGRTRCSTDAAGKFSCETADCGSGQVACNGAGAVPPATLVEITIAANGGQDYYDVSLVDGFNLPMSVAPQGGTGECKPSSCPANVNMACPAQLQVKAADGSVISCKSACLAFGDSKYCCTPPNDTPETCPPTEYSEIFEKQCPQAYSYAYDDKNSTFTCSGGPDYVITFCP|0.490566
Peanut(Arachis hypogaea )|AQITLTNKASYTVTPPAQANAADA|0.541667
Common tobacco(Nicotiana tabacum )|ATVEVRNNPGYXVVA|0.533333
Rainbow trout(Oncorhynchus mykiss )|XSHLSLCRWCCNCCHNKGXGFCCKF|0.48
Atlantic horseshoe crab(Limulus polyphemus )|RRWCFRVCYRGFCYRKCR|0.555556
Atlantic horseshoe crab(Limulus polyphemus )|RRWCFRVCYKGFCYRKCR|0.555556
Japanese horseshoe crab(Tachypleus tridentatus )|RWCFRVCYRGICYRKCR|0.588235
Maize(Zea mays )|QIIRGETKENKDTNSMTMTTRPGSYVISMDEKSSLCFLDPRTLWYICKITYRLFRTLKDCLEFCHSI|0.432836
Maize(Zea mays )|QIIRGETKEDNDTKSMTMTTMRPGSYVTSMDEKSSLCFEDIKTLWYICRTTYHLYRTLKDCLSHCNSM|0.382353
Maize(Zea mays )|HIISGETEEVSNTGSPTVMVTMGANRKIIEDNKNLLCYLRALEYCCARTRQCYDDIKKCLEHCRG|0.430769
Maize(Zea mays )|HIISGEIEDVSNTRSPTMMGANRKIIGDNKNLLCYLKALEYCCERTKQCYDDIKKCLEHCHS|0.419355
Paradoxical frog(Pseudis paradoxa )|GLNTLKKVFQGLHEAIKLINNHVQ|0.416667
Paradoxical frog(Pseudis paradoxa )|GLNALKKVFQGIHEAIKLINNHVQ|0.458333
Paradoxical frog(Pseudis paradoxa )|GINTLKKVIQGLHEVIKLVSNHE|0.391304
Paradoxical frog(Pseudis paradoxa )|GINTLKKVIQGLHEVIKLVSNHA|0.434783
Giant fire-bellied toad(Bombina maxima )|ILGPVLSMVGSALGGLIKKI|0.6
Giant fire-bellied toad(Bombina maxima )|ILGPVLGLVGNALGGLIKKI|0.6
Ponerine ant(Pachycondyla goeldii )|GLVDVLGKVGGLIKKLLP|0.555556
Ponerine ant(Pachycondyla goeldii )|GLVDVLGKVGGLIKKLLPG|0.526316
European hornet(Vespa crabro )|LNLKALLAVAKKIL|0.714286
Yellow jacket(Vespula lewisii )|INLKALAALAKKIL|0.714286
Hornet(Vespa mandarinia )|INLKAIAALAKKLL|0.714286
Oriental hornet(Vespa orientalis )|INLKAIAALVKKVL|0.714286
Hornet(Vespa magnifica )|INWKGIAAMAKKLL|0.642857
Brazilian wasp(Protonectarina sylveirae )|INWKALLDAAKKVL|0.642857
Hornet(Vespa tropica )|INLKAIAAFAKKLL|0.714286
Neotropical social wasp(Polybia paulista )|IDWKKLLDAAKQIL|0.571429
Neotropical social wasp(Protopolybia exigua )|INWKAIIEAAKQAL|0.642857
Hornet(Vespa analis )|IKWKAILDAVKKVL|0.642857
Hornet(Vespa magnifica )|INWKGIAAMKKLL|0.615385
Neotropical social wasp(Polybia paulista )|IDWKKLLDAAKQIL|0.571429
-(Entamoeba histolytica )|GEILCNLCTGLINTLENLLTTKGADKVKDYISSLCNKASGFIATLCTKVLDFGIDKLIQLIEDKVDANAICAKIHAC|0.506494
-(Entamoeba histolytica )|GAILCNLCKDTVKLVENLLTVDGAQAVRQYIDNLCGKASGFLGTLCEKILSFGVDELVKLIENHVDPVVVCEKIHAC|0.532468
-(Entamoeba histolytica )|IPVLCPVCTSLVGKLIDLVLGGAVDKVTDYLETLCAKADGLVETLCTKIVSYGIDKLIEKILEGGSAKLICGLIHAC|0.571429
-(Entamoeba histolytica )|GPIVCNLCTGLINTLENLLTTKGADKVKDYIDSLCNKASGFIATLCTKVLDFGVDKLIQLIEDKVDANAICAKIHAC|0.519481
-(Entamoeba dispar )|GSILCNLCKDTVNLIENLLTVDGAQAVRQYIDNLCAKADGFLGTLCNKILSFGVDELVKLIENHVDPVVICEKIHAC|0.532468
Fruit fly(Drosophila melanogaster )|VFIDILDKVENAIHNAAQVGIGFAKPFEKLINPK|0.558824
Fruit fly(Drosophila sechellia )|VFIDILDKMENAIHKAAQAGIGLAKPIENMILPK|0.588235
Fruit fly(Drosophila simulans )|VFIDILDKMENAIHKAAQAGIGIAKPIENMILPKLTK|0.567568
Fruit fly(Drosophila teissieri )|FINLLDKVEDALHTGAQAGFKLIRPVERGATPKKSEKPEK|0.425
Fruit fly(Drosophila yakuba )|IFVDVLDNVETALHNAAKAGFKLIKPIEKMIMPSKEK|0.540541
Fruit fly(Drosophila mauritiana )|VFIDILDKMENAIHKAAQAGIGIAKPIEKMILPK|0.588235
American common bumblebee(Megabombus pennsylvanicus )|IKITTMLAKLGKVLAHV|0.588235
American common bumblebee(Megabombus pennsylvanicus )|SKITDILAKLGKVLAHV|0.529412
American common bumblebee(Megabombus pennsylvanicus )|IKIMDILAKLGKVLAHV|0.647059
American common bumblebee(Megabombus pennsylvanicus )|INIKDILAKLVKVLGHV|0.588235
American common bumblebee(Megabombus pennsylvanicus )|INVLGILGLLGKALSHL|0.588235
Bovine(Bos taurus )|AGLFRRLRDSIRRGQQKILEKARRIGERIKDIFRG|0.342857
Mouse(Mus musculus )|GLLRKGGEKIGEKLKKIGQKIKNFFQKLVPQPEQ|0.352941
Human(Homo sapiens )|FALLGDFFRKSKEKIGKEFKRIVQRIKDFLRNLVPRTES|0.410256
Human(Homo sapiens )|LLGDFFRKSKEKIGKEFKRIVQRIKDFLRNLVPRTES|0.378378
Goat(Capra hircus )|VGLFGRLRDSLRRGGQKILEKVERIGDRIKDIFRG|0.342857
Rabbit(Oryctolagus cuniculus )|GLRKRLRKFRNKIKEKLKKIGQKIQGFVPKLAPRTDY|0.378378
Rhesus macaque(Macaca mulatta )|FALLGDFFRKSKEKIGKEFKRIVQRIKDFLRNLVPRTES|0.410256
Bovine(Bos taurus )|TNPGIVARITQKGLDYACQQGVLTLQKELEKITIPNFSGNFKIKYLGKGQYSFFSMVIQGFNLPNSQIRPLPDKGLDLSIRDASIKIRGKWKARKNFIKLGGNFDLSVEGISILAGLNLGYDPASGHSTVTCSSCSSGINTVRIHISGSSLGWLIQLFRKRIESLLQKSMTRKICEVVTSTVSSKLQPYFQTLPVTTKLDKVAGVDYSLVAPPRATANNLDWLLKGEFFSLAHRSPPPFAPPALAFPSDHDRMVYLGISEYFFNTAGFVYQKAGALNLTLRDDMIPKESKFRLTTKFFGILIPQVAKMFPDMQMQLFIWASLPPKLTMKPSGLDLIFVLDTQAFAILPNSSLDPLFLLEMNLNLSVVVGAKSDRLIGELRLDKLLLELKHSDIGPFSVESLQSVINYVMPTIVLPVINKKLQKGFPLPLPAYIELFNLTLQPYQDFLLFGADVHYS|0.519737
Human(Homo sapiens )|VNPGVVVRISQKGLDYASQQGTAALQKELKRIKIPDYSDSFKIKHLGKGHYSFYSMDIREFQLPSSQISMVPNVGLKFSISNANIKISGKWKAQKRFLKMSGNFDLSIEGMSISADLKLGSNPTSGKPTITCSSCSSHINSVHVHISKSKVGWLIQLFHKKIESALRNKMNSQVCEKVTNSVSSKLQPYFQTLPVMTKIDSVAGINYGLVAPPATTAETLDVQMKGEFYSENHHNPPPFAPPVMEFPAAHDRMVYLGLSDYFFNTAGLVYQEAGVLKMTLRDDMIPKESKFRLTTKFFGTFLPEVAKKFPNMKIQIHVSASTPPHLSVQPTGLTFYPAVDVQAFAVLPNSSLASLFLIGMHTTGSMEVSAESNRLVGELKLDRLLLELKHSNIGPFPVELLQDIMNYIVPILVLPRVNEKLQKGFPLPTPARVQLYNVVLQPHQNFLLFGADVVYK|0.495614
Rabbit(Oryctolagus cuniculus )|QKGLDYACQQGVAVLQKELEKIRIPDVSGKFKLRPFGKGHYNFHSLVVRSFQLPNPQIRLQPNVGLRVSISNANVRIGGRWKARKGFIKVRGKFDLSVEGVSISADLKLGSVPASGRATVTCSSCSSNINRARLRSQASWGGWLKLFHKRIESSLRNTMNSKICQVLTSSVSSKLQPYVETLPLKERLDSVAGIDYSLVAPPRATADSLDMQLKGEFYNVARPSPPPFMPPPMAIPSLHDRMIYLAISDYLFNTAALVYQQAGAFGLTLRDDMIPKESKSRLTTKFLGKALPQVAKMFPNMNVQLTLSVSSPPHLTTRPTGIALTAAVDLQAFAILPNSSLASLFLLGLKLNTSAKIGTKADKLVGELTLGRLILELKHSNIGSFPVQLLQALMDYVLSAVVLPKVNEKLQRGLPLPMPRKVQLYDLVLQPHQDFLLLGANVQHG|0.505618
Human(Homo sapiens )|ANPGLVARITDKGLQYAAQEGLLALQSELLRITLPDFTGDLRIPHVGRGRYEFHSLNIHSCELLHSALRPVPGQGLSLSISDSSIRVQGRWKVRKSFFKLQGSFDVSVKGISISVNLLLGSESSGRPTVTASSCSSDIADVEVDMSGDLGWLLNLFHNQIESKFQKVLESRICEMIQKSVSSDLQPYLQTLPVTTEIDSFADIDYSLVEAPRATAQMLEVMFKGEIFHRNHRSPVTLLAAVMSLPEEHNKMVYFAISDYVFNTASLVYHEEGYLNFSITDDMIPPDSNIRLTTKSFRPFVPRLARLYPNMNLELQGSVPSAPLLNFSPGNLSVDPYMEIDAFVLLPSSSKEPVFRLSVATNVSATLTFNTSKITGFLKPGKVKVELKESKVGLFNAELLEALLNYYILNTLYPKFNDKLAEGFPLPLLKRVQLYDLGLQIHKDFLFLGANVQYMRV|0.497807
Rabbit(Oryctolagus cuniculus )|TNPGLITRITDKGLEYAAREGLLALQRKLLEVTLPDSDGDFRIKHFGRAQYKFYSLKIPRFELLRGTLRPLPGQGLSLDISDAYIHVRGSWKVRKAFLRLKNSFDLYVKGLTISVHLVLGSESSGRPTVTTSSCSSDIQNVELDIEGDLEELLNLLQSQIDARLREVLESKICRQIEEAVTAHLQPYLQTLPVTTQIDSFAGIDYSLMEAPRATAGMLDVMFKGEIFPLDHRSPVDFLAPAMNLPEAHSRMVYFSISDYVFNTASLAYHKSGYWNFSITDAMVPADLNIRRTTKSFRPFVPLLANLYPNMNLELQGTVNSEQLVNLSTENLLEEPEMDIEALVVLPSSAREPVFRLGVATNVSATLTLNTRKITGFLKPGRLQVELKESKVGGFNVELLEALLNYYILNNLYPKVNEKLAHRFPLPLLRHIQLYDLLLQTHENFLLVGANIQYRRV|0.495614
Bovine(Bos taurus )|ANPGLVVRITDQGLEYVAQEELLALQSKLHKVTLPDFNGDVRIKHFGSVDYRFHSLNIQSCKLLGSALKLLPNQGLHFSISDSFIQVTGDWKVRKRILRLDGSFDVKVKGITISVNLLLDSEPSGRPKVAVSSCSSHIRDVEVHISGDLGWLLNLFHNQIESRFRRVLESKICEIIEDSVTSELQPYLQTLPVTTEIDHLAGLDYSLMGAPQATAQMLDVMFKGEIFSRDDRFPVAFLAPVMNLPEEHSRMVYFAISDYAFNTASLVYHKAGFLNFTITDDVIPPDSSIRQNTKSFRAFVPRIARLYPNTNLELQGAVISAPCLNFSPGNLSTAAQMEIEAFVLLPNSVKEPVFRLSVATNVSAMLTFNTSKITGFLEPGKIQVELKESKVGRFNVELLEALLNYYLLNNFYPKVNDKLAEGFPLPLLRKIQLYDPILQIHKDFLFLGTNVRYLRV|0.504386
Mouse(Mus musculus )|CVNPGVVARITDKGLAYAAKEGLVALKRELYKITLPDFSGDFKIKAVGRGQYEFHSLEIQNCELRGSSLKLLPGQGLRLAISDSSIGVRGKWKVRKSFLKLHGSFDLDVKGVTISVDLLLGMDPSGRPTVSASGCSSRICDLDVHISGNVGWLLNLFHNQIESKLQKVLENKVCEMIQKSVTSDLQPYLQTLPVTAEIDNVLGIDYSLVAAPQAKAQVLDVMFKGEIFNRNHRSPVATPTPTMSLPEDSKQMVYFAISDHAFNIASRVYHQAGYLNFSITDDMLPHDSGIRLNTKAFRPFTPQIYKKYPDMKLELLRTVVSAPILNVSPGNLSLAPQMEIEGFVILPTSAREPVFRLSVVTNVFASLTFNTRKVTGMLHPDKAQVRLIESKVGIFNVNLFQAFLNYYLLNSLYPDVNAELAQGFPLPLPRHIQLHDLDFQIRKDFLYLGANVQYMRV|0.50547
Rat(Rattus norvegicus )|VNPAMVVRITDKGLEYAAKEGLLSLQRELYKITLPDFSGDFKIKAVGRGQYEFHSLEIQSCQLRGSSLKPLPGRGLSLSISDSSISVRGKWKVRRSFVKLHGSFDLDVKSVTISVDLLLGVDPSERPTVTASGCSNRIRDLELHVSGNVGWLLNLFHNQIESKLQKVLESKICEMIQKSVTSDLQPYLQTLPVTADIDTILGIDYSLVAAPQAKAQTLDVMFKGEIFNRNHRSPVTTPTPTMSLPEDSKQMVYFAISDQAFNIATRVYHQAGYLNFTITDDMLPPDSNIRLNTKAFRPFTPLITRKYPDMNLELLGTVVSAPLLNVSPGNLSLAPQMEIEGFVILPSSARESVFRLGVVTNVFVSLTFDNSKVTGMLHPEKAQVRLIESKVGMFNVNLFQAFLNYYLLNSLYPDVNDELAKGFPLPLPRRIKLHDLDFQIHKNFLYLGANVQYMRV|0.491228
African clawed frog(Xenopus laevis )|QQDYTGWMDF|0.4
African clawed frog(Xenopus laevis )|QQDYTGWMDF|0.4
Kenyan clawed frog(Xenopus borealis )|QQDYTGWMDF|0.4
African clawed frog(Xenopus laevis )|QQDYTGWMDF|0.4
African clawed frog(Xenopus laevis )|QQDYTGWMDF|0.4
Australian blue mountains tree frog(Litoria citropa )|QQDYTGWFDF|0.4
Magnificent tree frog(Litoria splendida )|QQDYTGWFDF|0.4
Australian blue mountains tree frog(Litoria citropa )|QQDYTGAHMDF|0.363636
Australian blue mountains tree frog(Litoria citropa )|QQDYGTGWMDF|0.363636
Australian blue mountains tree frog(Litoria citropa )|QQDYGTGWFDF|0.363636
Australian blue mountains tree frog(Litoria citropa )|QQDYTGSHMDF|0.272727
Orange-thighed frog(Litoria xanthomera )|QQDYTGWMDF|0.4
Sauvage's leaf frog(Phyllomedusa sauvagei )|QEYTGWMDF|0.444444
Southeastern quoll(Dasyurus viverrinus )|DYMGWMDF|0.625
Tammar wallaby(Macropus eugenii )|DYMGWMDF|0.625
African clawed frog(Xenopus laevis )|DYMGWMDF|0.625
African clawed frog(Xenopus laevis )|DYMGWMDF|0.625
Bovine(Bos taurus )|DYMGWMDF|0.625
Goldfish(Carassius auratus )|DYLGWMDF|0.625
Chicken(Gallus gallus )|DYMGWMDF|0.625
Human(Homo sapiens )|DYMGWMDF|0.625
Crab eating macaque(Macaca fascicularis )|DYMGWMDF|0.625
Mouse(Mus musculus )|DYMGWMDF|0.625
Japanese flounder(Paralichthys olivaceus )|DYLGWMDF|0.625
Pig(Sus scrofa )|DYMGWMDF|0.625
Bull frog(Rana catesbeiana )|DYMGWMDF|0.625
Rat(Rattus norvegicus )|DYMGWMDF|0.625
Ostrich(Struthio camelus )|DYMGWMDF|0.625
Red-eared slider turtle(Trachemys scripta )|DYMGWMDF|0.625
Transparent sea squirt(Ciona intestinalis )|NYYGWMDF|0.625
Ponerine ant(Pachycondyla goeldii )|GWKDWAKKAGGWLKKKGPGMAKAALKAAMQ|0.5
Ponerine ant(Pachycondyla goeldii )|GWKDWLKKGKEWLKAKGPGIVKAALQAATQ|0.466667
Ponerine ant(Pachycondyla goeldii )|GWKDWLNKGKEWLKKKGPGIMKAALKAATQ|0.433333
Ponerine ant(Pachycondyla goeldii )|DFKDWMKTAGEWLKKKGPGILKAAMAAAT|0.517241
Ponerine ant(Pachycondyla goeldii )|GLKDWVKIAGGWLKKKGPGILKAAMAAATQ|0.533333
Common turkey(Meleagris gallopavo )|LFCKRGTCHFGRCPSHLIKVGSCFGFRSCCKWPWDA|0.527778
Chicken(Gallus gallus )|GRKSDCFRKNGFCAFLKCPYLTLISGKCSRFHLCCKRIW|0.512821
Chicken(Gallus gallus )|GRKSDCFRKSGFCAFLKCPSLTLISGKCSRFYLCCKRIW|0.512821
Chicken(Gallus gallus )|LFCKGGSCHFGGCPSHLIKVGSCFGFRSCCKWPWNA|0.527778
Chicken(Gallus gallus )|TQCRIRGGFCRVGSCRFPHIAIGKCATFISCCGRAYEVDALNSVRTSPWLLAPGNNPH|0.517241
Floodplain toadlet(Uperoleia inundata )|GIVDFAKGVLGKIKNVLGI|0.526316
Australian toadlet(Uperoleia mjobergii )|GILDIAKKLVGGIRNVLGI|0.526316
Australian toadlet(Uperoleia mjobergii )|GIIDIAKKLVGGIRNVLGI|0.526316
Australian toadlet(Uperoleia mjobergii )|GILDVAKTLVGKLRNVLGI|0.526316
Australian toadlet(Uperoleia mjobergii )|GVIDAAKKVVNVLKNLP|0.588235
Fruit fly(Drosophila melanogaster )|QVLGGSLTSNPAGGADARLDLTKGIGNPNHNVVGQVFAAGNTQSGPVTTGGTLAYNNAGHGASLTKTHTPGVKDVFQQEAHANLFNNGRHNLDAKVFASQNKLANGFEFQRNGAGLDYSHINGHGASLTHSNFPGIGQQLGLDGRANLWSSPNRATTLDLTGSASKWTSGPFANQKPNFGAGLGLSHHFG|0.373684
Fruit fly(Drosophila melanogaster )|QVLGGSLASNPAGGADARLNLSKGIGNPNHNVVGQVFAAGNTQSGPVTTGGTLAYNNAGHGASLTKTHTPGVKDVFQQEAHANLFNNGRHNLDAKVFASQNKLANGFEFQRNGAGLDYSHINGHGASLTHSNFPGIGQQLGLDGRANLWSSPNRATTLDLTGSASKWTSGPFANQKPNFGAGLGLSHHFG|0.378947
Cecropia moth(Hyalophora cecropia )|DAHGALTLNSDGTSGAVVKVPFAGNDKNIVSAIGSVDLTDRQKLGAATAGVALDNINGHGLSLTDTHIPGFGDKMTAAGKVNVFHNDNHDITAKAFATRNMPDIANVPNFNTVGGGIDYMFKDKIGASASAAHTDFINRNDYSLDGKLNLFKTPDTSIDFNAGFKKFDTPFMKSSWEPNFGFSLSKYF|0.430851
Cecropia moth(Hyalophora cecropia )|DAHGALTLNSDGTSGAVVKVPFAGNDKNIVSAIGSVDLTDRQKLGAATAGVALDNINGHGLSLTDTHIPGFGDKMTAAGKVNVFHNDNHDITAKAFATRNMPDIANVPNFNTVGGGIDYMFKDKIGASASAAHTDFINRNDYSLDGKLNLFKTPDTSIDFNAGFKKFDTPFMKSSWEPNFGFSL|0.429348
Silk moth(Bombyx mori )|QAGSFTVNSDGTSGAALKVPLTGNDKNVLSAIGSADFNDRHKLSAASAGLALDNVNGHGLSLTGTRIPGFGEQLGVAGKVNLFHNNNHDLSAKAFAIRNSPSAIPNAPNFNTLGGGVDYMFKQKVGASLSAAHSDVINRNDYSAGGKLNLFRSPSSSLDFNAGFKKFDTPFYRSSWEPNVGFSFSKFF|0.425532
Green shield bug(Palomena prasina )|VDKPDYRPRPRPPNM|0.533333
Green shield bug(Palomena prasina )|VDKPDYRPRPWPRPN|0.533333
Green shield bug(Palomena prasina )|VDKPDYRPRPWPRNMI|0.5625
Green shield bug(Palomena prasina )|VDKPDYRPRPWPRPNM|0.5625
Sap sucking bug(Pyrrhocoris apterus )|VDKGSYLPRPTPPRPIYNRN|0.5
Giant harlequin beetle(Acrocinus longimanus )|CIKNGNGCQPDGSQGNCCSRYCHKEPGWVAGYCR|0.411765
Giant harlequin beetle(Acrocinus longimanus )|CIANRNGCQPDGSQGNCCSGYCHKEPGWVAGYCR|0.441176
Common ice plant(Mesembryanthemum crystallinum )|AKCIKNGKGCREDQGPPFCCSGFCYRQVGWARGYCKNR|0.447368
Garden four-o'clock(Mirabilis jalapa )|QCIGNGGRCNENVGPPYCCSGFCLRQPGQGYGYCKNR|0.432432
Garden four-o'clock(Mirabilis jalapa )|CIGNGGRCNENVGPPYCCSGFCLRQPNQGYGVCRNR|0.444444
Common pokeberry(Phytolacca americana )|AGCIKNGGRCNASAGPPYCCSSYCFQIAGQSYGVCKNR|0.5
Edible frog(Rana esculenta )|GILSLVKGVAKLAGKGLAKEGGKFGLELIACKIAKQC|0.513514
Rio Grande leopard frog(Rana berlandieri )|GLFSILRGAAKFASKGLGKDLTKLGVDLVACKISKQC|0.486486
Edible frog(Rana esculenta )|GIFSLVKGAAKLAGKGLAKEGGKFGLELIACKIAKQC|0.513514
Wrinkled frog(Rana rugosa )|GIMSIVKDVAKNAAKEAAKGALSTLSCKLAKTC|0.515152
Wrinkled frog(Rana rugosa )|GIMSIVKDVAKTAAKEAAKGALSTLSCKLAKTC|0.515152
Wrinkled frog(Rana rugosa )|GILDSFKQFAKGVGKDLIKGAAQGVLSTMSCKLAKTC|0.459459
Northern leopard frog(Rana pipiens )|GFSSIFRGVAKFASKGLGKDLARLGVNLVACKISKQC|0.486486
Giant mexican leaf frog(Pachymedusa dacnicolor )|ALWKTLLKKVGKVAGKAVLNAVTNMANQNEQ|0.483871
Sauvage's leaf frog(Phyllomedusa sauvagei )|ALWFTMLKKLGTMALHAGKAALGAAANTISQGTQ|0.529412
Two-colored leaf frog(Phyllomedusa bicolor )|ALWKNMLKGIGKLAGQAALGAVKTLVGAE|0.551724
Sauvage's leaf frog(Phyllomedusa sauvagei )|ALWKNMLKGIGKLAGKAALGAVKKLVGAES|0.533333
Two-colored leaf frog(Phyllomedusa bicolor )|ALWKDILKNVGKAAGKAVLNTVTDMVNQ|0.5
Two-colored leaf frog(Phyllomedusa bicolor )|ALWKDILKNAGKAALNEINQLVNQ|0.5
Yellow-bellied toad(Bombina variegata )|IIGPVLGMVGSALGGLLKKI|0.6
Yellow-bellied toad(Bombina variegata )|IIGPVLGLVGSALGGLLKKI|0.6
Yellow-bellied toad(Bombina variegata )|IIGPVLGLVGSALGGLLKKI|0.6
Giant fire-bellied toad(Bombina maxima )|ILGPVISTIGGVLGGLLKNL|0.55
Giant fire-bellied toad(Bombina maxima )|ILGPVISTIGGVLGGLLKNL|0.55
Giant fire-bellied toad(Bombina maxima )|ILGPVISTIGGVLGGLLKNL|0.55
Magnificent tree frog(Litoria splendida )|GLVSSIGRALGGLLADVVKSKGQPA|0.48
Green tree frog(Litoria caerulea )|GLVSSIGKALGGLLADVVKSKGQPA|0.48
Green tree frog(Litoria caerulea )|GLVSSIGKALGGLLADVVKTKEQPA|0.48
Australian blue mountains tree frog(Litoria citropa )|GLIGSIGKALGGLLVDVLKPKLQAAS|0.538462
Australian blue mountains tree frog(Litoria citropa )|GLIGSIGKALGGLLVDVLKPKLQAA|0.56
Australian blue mountains tree frog(Litoria citropa )|GLIGSIGKALGGLLVDVLKPKLQ|0.521739
Australian blue mountains tree frog(Litoria citropa )|GLIGSIGKALGGLLVDVLKPKL|0.545455
Green and golden bell frog(Litoria aurea )|GLLDIVTGLLGNLIVDVLKPKTPAS|0.56
Southern bell frog(Litoria raniformis )|GLLDIVTGLLGNLIVDVLKPKTPAS|0.56
Dahl's aquatic frog(Litoria dahlii )|GLLGSIGNAIGAFIANKLKP|0.55
Dahl's aquatic frog(Litoria dahlii )|GLLGSIGNAIGAFIANKLKPK|0.52381
Brown tree frog(Litoria ewingi )|GLLDMVTGLLGNL|0.538462
Australian blue mountains tree frog(Litoria citropa )|GLFDVIKKVASVIGGL|0.5625
Australian blue mountains tree frog(Litoria citropa )|FDVIKKVASVIGGL|0.571429
Australian blue mountains tree frog(Litoria citropa )|DVIKKVASVIGGL|0.538462
Australian blue mountains tree frog(Litoria citropa )|GLFDIIKKVASVVGGL|0.5625
Australian blue mountains tree frog(Litoria citropa )|GLFDIIKKVAS|0.545455
Australian blue mountains tree frog(Litoria citropa )|FDIIKKVASVVG|0.583333
Australian blue mountains tree frog(Litoria citropa )|DIIKKVASVVG|0.545455
Brown tree frog(Litoria ewingi )|GWFDVVKHIASAV|0.615385
Green and golden bell frog(Litoria aurea )|LDIVKKVVGAFGSL|0.571429
Southern bell frog(Litoria raniformis )|LDIVKKVVGAFGSL|0.571429
Green and golden bell frog(Litoria aurea )|FDIVKKVVGALGSL|0.571429
Green and golden bell frog(Litoria aurea )|FDIVKKVVGTIAGL|0.571429
Human(Homo sapiens )|RHHGYKRK|0.125
Human(Homo sapiens )|RHHGYK|0.166667
Human(Homo sapiens )|DSHAKRHHGYKRK|0.153846
Human(Homo sapiens )|DSHAKRHHGYKR|0.166667
Human(Homo sapiens )|DSHAKRHHGYK|0.181818
Human(Homo sapiens )|KRHHGYKRK|0.111111
Human(Homo sapiens )|KRHHGYKR|0.125
Human(Homo sapiens )|KRHHGYK|0.142857
Magnificent tree frog(Litoria splendida )|GLWQKIKDKASELVSGIVEGVK|0.409091
Green tree frog(Litoria caerulea )|GLWEKIKEKASELVSGIVEGVK|0.409091
Green tree frog(Litoria caerulea )|GLWEKIKEKANELVSGIVEGVK|0.409091
Green tree frog(Litoria caerulea )|GLWEKIREKANELVSGIVEGVK|0.409091
Green tree frog(Litoria caerulea )|GLWQKIKSAAGDLASGIVEGIKS|0.434783
Green tree frog(Litoria caerulea )|GLWQKIKSAAGDLASGIVEAIKS|0.478261
Green tree frog(Litoria caerulea )|GLWQKIKNAAGDLASGIVEGIKS|0.434783
Two-colored leaf frog(Phyllomedusa bicolor )|GLWSKIKEVGKEAAKAAAKAAGKAALGAVSEAV|0.545455
Two-colored leaf frog(Phyllomedusa bicolor )|GLWNKIKEAASKAAGKAALGFVNEMV|0.538462
Green and golden bell frog(Litoria aurea )|GLIQTIKEKLKELAGGLVTGIQS|0.391304
Green and golden bell frog(Litoria aurea )|GLLQTIKEKLKEFAGGVVTGVQS|0.391304
Southern bell frog(Litoria raniformis )|GLLQTIKEKLKEFAGGVVTGVQS|0.391304
Green and golden bell frog(Litoria aurea )|GLLQTIKEKLKELATGLVIGVQS|0.434783
Southern bell frog(Litoria raniformis )|GLLQTIKEKLKELATGLVIGVQS|0.434783
Centralian tree frog(Litoria gilleni )|GLWQKIKDKASELVSGIVEGVK|0.409091
Dahl's aquatic frog(Litoria dahlii )|GLWQLIKDKIKDAATGFVTGIQS|0.434783
Dahl's aquatic frog(Litoria dahlii )|GLWQLIKDKLKDAATGFVTGIQS|0.434783
Dahl's aquatic frog(Litoria dahlii )|GLWQLIKDKFKDAATGFVTGIQS|0.434783
Monkey frog(Phyllomedusa distincta )|GLWSKIKAAGKEAAKAAAKAAGKAALNAVSEAV|0.575758
Green and golden bell frog(Litoria aurea )|GLLQTITEKLKEFAGGLVTGVQS|0.391304
Australian blue mountains tree frog(Litoria citropa )|DLFQVIKEKLKELTGGVIEGIQG|0.391304
Green-eyed tree frog(Litoria genimaculata )|GLLQTIKEKLESLESLAKGIVSGIQA|0.423077
Cowpea(Vigna unguiculata )|QSEAKTCENLVDTYRGPCFTTGSCDDHCKNKEHLLSGRCRDDVRCWCTRNC|0.352941
Garden pea(Pisum sativum )|NTCENLAGSYKGVCFGGCDRHCRTQEGAISGRCRDDFRCWCTKNC|0.377778
Petunia(Petunia hybrida )|ATCKAECPTWDSVCINKKPCVACCKKAKFSDGHCSKILRRCLCTKEC|0.510638
Petunia(Petunia hybrida )|GTCKAECPTWEGICINKAPCVKCCKAQPEKFTDGHCSKILRRCLCTKPC|0.510204
Winged tobacco(Nicotiana alata )|RECKTESNTFPGICITKPPCRKACISEKFTDGHCSKILRRCLCTKPC|0.446809
Garden pea(Pisum sativum )|NTCEHLADTYRGVCFTNASCDDHCKNKAHLISGTCHDWKCFCTQNC|0.413043
Garden pea(Pisum sativum )|KTCEHLADTYRGVCFTNASCDDHCKNKAHLISGTCHNWKCFCTQNC|0.413043
Garden pea(Pisum sativum )|KTCENLSGTFKGPCIPDGNCNKHCRNNEHLLSGRCRDDFRCWCTNRC|0.361702
Soybean(Glycine max )|RVCESQSHGFHGLCNRDHNCALVCRNEGFSGGRCKRSRRCFCTRIC|0.369565
-(Nicotiana paniculata )|KSTCKAESNTFPGLCITKPPCRKACLSEKFTDGKCSKILRRCICYKPCVFDGKMIQTGAENLAEEAETLAAALLEEEMMDN|0.481481
Yard-Long bean(Vigna unguiculata subsp. sesquipedalis )|KTCENLADTY|0.4
Mouse-ear cress(Arabidopsis thaliana )|QKLCERPSGTWSGVCGNSNACKNQCINLEKARHGSCNYVFPAHKCICYFPC|0.490196
Rape(Brassica napus )|QKLCERPSGTWSGVCGNNNACKNQCINLEKARHGSCNYVFPAHK|0.409091
Turnip(Brassica rapa )|QKLCERPSGTWSGVCGNNNACKNQCIN|0.37037
Radish(Raphanus sativus )|QKLCERPSGTWSGVCGNNNACKNQCINLEKARHGSCNYVFPAHKCICYFPC|0.490196
White mustard(Sinapis alba )|QKLCERPSGTWSGVCGNNNACKNQCINLEKARHGSCNYVFPAHKCICYFPC|0.490196
White mustard(Sinapis alba )|QKLCQRPSGTWSGVCGNNNACRNQCINLEKARHGSCNYVFPAHKCICYFPC|0.490196
Rape(Brassica napus )|QKLCERPSGTWSGVCGNNNACKN|0.347826
Turnip(Brassica rapa )|QKLCERPSGTXSGVCGNNNACKNQCIR|0.333333
Radish(Raphanus sativus )|QKLCQRPSGTWSGVCGNNNACKNQCIRLEKARHGSCNYVFPAHKCICYFPC|0.490196
Bovine(Bos taurus )|QKIAEKFSGTRRG|0.230769
Mouse-ear cress(Arabidopsis thaliana )|QKLCEKPSGTWSGVCGNSNACKNQCINLEGAKHGSCNYVFPAHKCICYFPC|0.490196
Mouse-ear cress(Arabidopsis thaliana )|QKLCEKPSGTWSGVCGNSNACKNQCINLEGAKHGSCNYVFPAHKCICYVPC|0.490196
Radish(Raphanus sativus )|KLCERSSGTWSGVCGNNNACKNQCIRLEGAQHGSCNYVFPAHKCICYFPC|0.48
Radish(Raphanus sativus )|QKLCERSSGTWSGVCGNNNACKNQCINLEGARHGSCNYIFPYHRCICYFPC|0.470588
Mouse-ear cress(Arabidopsis thaliana )|QKLCEKPSGTWSGVCGNSNACKNQCINLEGAKHGSCNYVFPAHKCICYVPC|0.490196
Honeybee(Apis mellifera )|GNNRPIYIPQPRPPHPRL|0.555556
Honeybee(Apis mellifera )|GNNRPVYIPQPRPPHPRL|0.555556
Honeybee(Apis mellifera )|GNNRPVYIPQPRPPHPRI|0.555556
Honeybee(Apis mellifera )|GNNRPVYIPQPRPPHPRL|0.555556
Honeybee(Apis mellifera )|GNNRPVYIPQPRPPHPRI|0.555556
Honeybee(Apis mellifera )|GNNRPVYIPQPRPPHPRL|0.555556
Honeybee(Apis mellifera )|GNNRPVYISQPRPPHPRL|0.5
Honeybee(Apis mellifera )|NNRPVYIPQPRPPHPRL|0.588235
Honeybee(Apis mellifera )|GNNRPVYIPQPRPPHPRI|0.555556
Brown bumblebee(Bombus pascuorum )|GNRPVYIPPPRPPHPRL|0.647059
Oriental fire-bellied toad(Bombina orientalis )|GIGASILSAGKSALKGLAKGLAEHFAN|0.481481
Oriental fire-bellied toad(Bombina orientalis )|GIGSAILSAGKSALKGLAKGLAEHFAN|0.481481
Yellow-bellied toad(Bombina variegata )|GIGASILSAGKSALKGFAKGLAEHFAN|0.481481
Oriental fire-bellied toad(Bombina orientalis )|GIGAAILSAGKSALKGLAKGLAEHF|0.52
Oriental fire-bellied toad(Bombina orientalis )|GIGAAILSAGKSIIKGLANGLAEHF|0.52
Giant fire-bellied toad(Bombina maxima )|GIGTKILGGVKTALKGALKELASTYAN|0.444444
Giant fire-bellied toad(Bombina maxima )|GIGTKILGGVKTALKGALKELASTYVN|0.444444
Giant fire-bellied toad(Bombina maxima )|GIGGKILSGLKTALKGAAKELASTYLH|0.444444
Giant fire-bellied toad(Bombina maxima )|GIGGKILSGLKTALKGAAKELASTYLH|0.444444
Giant fire-bellied toad(Bombina maxima )|SIGAKILGGVKTFFKGALKELASTYLQ|0.481481
Giant fire-bellied toad(Bombina maxima )|GIGAKILGGVKTALKGALKELASTYVN|0.481481
Crab eating macaque(Macaca fascicularis )|DSHEERHHGRHGHHKYGRKFHEKHHSHRGYRSNYLYDN|0.157895
Human(Homo sapiens )|DSHAKRHHGYKRKFHEKHHSHRGYRSNYLYDN|0.21875
Human(Homo sapiens )|RKFHEKHHSHRGYRSNYLYDN|0.238095
Human(Homo sapiens )|RKFHEKHHSHRGYR|0.142857
Human(Homo sapiens )|RKFHEKHHSHRGY|0.153846
Human(Homo sapiens )|KFHEKHHSHRGYR|0.153846
Human(Homo sapiens )|KFHEKHHSHRGY|0.166667
Human(Homo sapiens )|DSHAKRHHGYKRKFHEKHHSHRGYR|0.16
Human(Homo sapiens )|FHEKHHSHRGYR|0.166667
Human(Homo sapiens )|FHEKHHSHRGY|0.181818
Human(Homo sapiens )|HEKHHSHRGYR|0.0909091
Human(Homo sapiens )|HEKHHSHRGY|0.1
Human(Homo sapiens )|DSHAKRHHGYKRKFHEKHHSHRGY|0.166667
Edible frog(Rana esculenta )|GILDTLKNLAISAAKGAAQGLVNKASCKLSGQC|0.484848
Edible frog(Rana esculenta )|GILDTLKNLAKTAGKGALQGLVKMASCKLSGQC|0.454545
Edible frog(Rana esculenta )|GILLDKLKNFAKTAGKGVLQSLLNTASCKLSGQC|0.441176
Edible frog(Rana esculenta )|GILDSLKNLAKNAGQILLNKASCKLSGQC|0.448276
Edible frog(Rana esculenta )|GIFDKLKNFAKGVAQSLLNKASCKLSGQC|0.448276
Edible frog(Rana esculenta )|GIMDTLKNLAKTAGKGALQSLVKMASCKLSGQC|0.454545
Edible frog(Rana esculenta )|GIMDTLKNLAKTAGKGALQSLLNKASCKLSGQC|0.424242
European common frog(Rana temporaria )|GILDTLKNLAKTAGKGILKSLVNTASCKLSGQC|0.424242
European common frog(Rana temporaria )|GILDTLKHLAKTAGKGALQSLLNHASCKLSGQC|0.424242
Frog(Rana brevipoda porsa )|GLLDSLKGFAATAGKGVLQSLLSTASCKLAKTC|0.484848
Wrinkled frog(Rana rugosa )|GILDTLKQFAKGVGKDLVKGAAQGVLSTVSCKLAKTC|0.459459
Japanese pond frog(Rana nigromaculata )|GLLDSIKGMAISAGKGALQNLLKVASCKLDKTC|0.484848
Rio Grande leopard frog(Rana berlandieri )|GLLDTIKGVAKTVAASMLDKLKCKISGC|0.5
Wrinkled frog(Rana rugosa )|GLLNTFKDWAISIAKGAGKGVLTTLSCKLDKSC|0.454545
Sahara frog(Rana saharica )|GILLDKLKNFAKTAGKGVLQSLLNTASCKLSGQC|0.441176
Polka-dot treefrog(Hyla punctata )|GILDAIKAIAKAAG|0.642857
Foothill yellow-legged frog(Rana boylii )|GILSTFKGLAKGVAKDLAGNLLDKFKCKITGC|0.46875
Foothill yellow-legged frog(Rana boylii )|GIMDSVKGLAKNLAGKLLDSLKCKITGC|0.464286
Bull frog(Rana catesbeiana )|GLFLDTLKGAAKDVAGKLEGLKCKITGCKLP|0.483871
Green frog(Rana clamitans )|GLFLDTLKGAAKDVAGKLLEGLKCKIAGCKP|0.516129
Spotted frog(Rana luteiventris )|GILSSIKGVAKGVAKNVAAQLLDTLKCKITGC|0.5
Northern leopard frog(Rana pipiens )|LMDTVKNVAKNLAGHMLDKLKCKITGC|0.481481
Pickerel frog(Rana palustris )|GFLSTVKNLATNVAGTVLDTIRCKVTGGCRP|0.451613
Pickerel frog(Rana palustris )|GFFSTVKNLATNVAGTVIDTLKCKVTGGCRS|0.419355
Pickerel frog(Rana palustris )|GFLSTVKNLATNVAGTVIDTLKCKVTGGCRS|0.419355
Northern leopard frog(Rana pipiens )|GFLSTVKNLATNVAGTVIDTIKCKVTGGC|0.448276
Argus frog(Leptodactylus ocellatus )|GVVDILKGAGKDLLAHLVGKISEKV|0.48
Argus frog(Leptodactylus ocellatus )|GVLDILKNAAKNILAHAAEQI|0.571429
Argus frog(Leptodactylus ocellatus )|GVLDIFKDAAKQILAHAAEQI|0.571429
Bell pepper(Capsicum annuum )|RTCESQSHRFKGLCFSKSNCGSVCHTEGFNGGHCRGFRRRCFCTRHC|0.319149
Spinach(Spinacia oleracea )|GIFSSRKCKTPSKTFKGICTRDSNCDTSCRYEGYPAGDCKGIRRRCMCSKPC|0.384615
Broad bean(Vicia faba )|LLGRCKVKSNRFHGPCLTDTHCSTVCRGEGYKGGDCHGLRRRCMCLC|0.404255
Broad bean(Vicia faba )|LLGRCKVKSNRFNGPCLTDTHCSTVCRGEGYKGGDCHGLRRRCMCLC|0.404255
Mouse-ear cress(Arabidopsis thaliana )|RTCESQSHRFKGTCVSASNCANVCHNEGFVGGNCRGFRRRCFCTRHC|0.361702
Mouse-ear cress(Arabidopsis thaliana )|RTCASQSQRFKGKCVSDTNCENVCHNEGFPGGDCRGFRRRCFCTRNC|0.340426
Potato(Solanum tuberosum )|GPMRIAEARHCESLSHRFKGPCTRDSNCASVCETERFSGGNCHGFRRRCFCTKPC|0.4
Sorghum(Sorghum bicolor )|RVCMGKSAGFKGLCMRDQNCAQVCLQEGWGGGNCDGVMRQCKCIRQCW|0.458333
Sorghum(Sorghum bicolor )|RVCRRRSAGFKGLCMSDHNCAQVCLQEGWGGGNCDGVIRQCKCIRQC|0.425532
Maize(Zea mays )|RVCRRRSAGFKGVCMSDHNCAQVCLQEGYGGGNCDGIMRQCKCIRQC|0.425532
Wheat(Triticum aestivum )|KICRRRSAGFKGPCMSNKNCAQVCQQEGWGGGNCDGPFRRCKCIRQC|0.404255
Wheat(Triticum aestivum )|KVCRQRSAGFKGPCVSDKNCAQVCLQEGWGGGNCDGPFRRCKCIRQC|0.425532
Common sunflower(Helianthus annuus )|NEMGGPLVVEARTCESQSHKFKGTCLSDTNCANVCHSERFSGGKCRGFRRRCFCTTHC|0.362069
Barley(Hordeum vulgare )|RICRRRSAGFKGPCVSNKNCAQVCMQEGWGGGNCDGPLRRCKCMRRC|0.425532
Violet-flowered petunia(Petunia integrifolia )|RTCESQSHRFHGTCVRESNCASVCQTEGFIGGNCRAFRRRCFCTRNC|0.361702
Spinach(Spinacia oleracea )|XTCESPSHKFKGPCATNRNCES|0.318182
Mouse-ear cress(Arabidopsis thaliana )|RTCETSSNLFNGPCLSSSNCANVCHNEGFSDGDCRGFRRRCLCTRPC|0.382979
Mouse-ear cress(Arabidopsis thaliana )|RTCESKSHRFKGPCVSTHNCANVCHNEGFGGGKCRGFRRRCYCTRHC|0.340426
Mouse-ear cress(Arabidopsis thaliana )|RTCESPSNKFQGVCLNSQSCAKACPSEGFSGGRCSSLRCYCSKAC|0.422222
Sorghum(Sorghum bicolor )|RVCRRRSAGFKGLCMSDHNCAQVCLQEGWGGGNCDGVMRQCKCIRQC|0.425532
Cowpea(Vigna unguiculata )|RVCESQSHGFKGACTGDHNCALVCRNEGFSGGNCRGFRRRCFCTLKC|0.382979
Fall webworm(Hyphantria cunea )|RWKIFKKIERVGQNVRDGIIKAGPAIQVLGTAKAL|0.485714
Fall webworm(Hyphantria cunea )|RWKFFKKIERVGQNVRDGLIKAGPAIQVLGAAKAL|0.514286
Tobacco hawkmoth(Manduca sexta )|WNPFKELERAGQRVRDAVISAAPAVATVGQAAAIARG|0.567568
Tobacco hawkmoth(Manduca sexta )|WNPFKELERAGQRVRDAIISAGPAVATVGQAAAIARG|0.540541
Silk moth(Bombyx mori )|RWKIFKKIEKVGQNIRDGIVKAGPAVAVVGQAATI|0.514286
Tobacco hawkmoth(Manduca sexta )|WNPFKELERAGQRVRDAIISAAPAVATVGQAAAIARG|0.567568
Tobacco hawkmoth(Manduca sexta )|WNPFKELERAGQRVRDAVISAAAVATVGQAAAIARG|0.555556
Cecropia moth(Hyalophora cecropia )|KWKLFKKIEKVGQNIRDGIIKAGPAVAVVGQATQIAK|0.486486
Cabbage looper(Trichoplusia ni )|RWKFFKKIEKVGQNIRDGIIKAGPAVAVVGQAASIT|0.5
Silk moth(Bombyx mori )|RWKIFKKIEKMGRNIRDGIVKAGPAIEVLGSAKAI|0.485714
Fruit fly(Drosophila mauritiana )|AGWLRKLGKKIERIGQHTRDASIQVLGIAQQAANVAATAR|0.45
Fruit fly(Drosophila melanogaster )|GWLRKLGKKIERIGQHTRDASIQVLGIAQQAANVAATAR|0.435897
Fruit fly(Drosophila sechellia )|AGWLRKLGKKIERIGQHTRDASIQVLGIAQQAANVAATAR|0.45
Chinese oak silk moth(Antheraea pernyi )|WNPFKELERAGQRVRDAIISAGPAVATVAQATALAK|0.555556
Cecropia moth(Hyalophora cecropia )|WNPFKELEKVGQRVRDAVISAGPAVATVAQATALAK|0.555556
Flesh fly(Sarcophaga peregrina )|GWLRKIGKKIERVGQHTRDATIQVLGIAQQAANVAATAR|0.435897
Fruit fly(Drosophila virilis )|GWLKKIGKKIERIGQHTRDATIQGLGIAQQAANVAATAR|0.410256
Fruit fly(Drosophila virilis )|GWLKKIGKKIERVGQHTRDATIQGLGIAQQAANVAATAR|0.410256
Fruit fly(Drosophila virilis )|GWLKKIGKKIERIGQHTRDATIQGVGIAQQAANVAATAR|0.410256
Fruit fly(Drosophila mauritiana )|GWLKKIGKKIERVGQHTRDATIQGLGVAQQAANVAATAR|0.410256
Fruit fly(Drosophila simulans )|AGWLRKLGKKIERIGQHTRDASIQVLGIAQQAANVAATAR|0.45
Fruit fly(Drosophila erecta )|GWLKKLGKRIERIGQHTRDATIQGLGIAQQAANVAATAR|0.410256
Fruit fly(Drosophila mauritiana )|GWLKKLGKRIERIGQHTRDATIQGLGIAQQAANVAATAR|0.410256
Fruit fly(Drosophila orena )|GWLKKLGKRIERIGQHTRDATIQGLGIAQQAANVAATAR|0.410256
Fruit fly(Drosophila sechellia )|GWLKKLGKRIERIGQHTRDATIQGLGIAQQAANVAATAR|0.410256
Fruit fly(Drosophila simulans )|GWLKKLGKRIERIGQHTRDATIQGLGIAQQAANVAATAR|0.410256
Fruit fly(Drosophila teissieri )|GWLKKLGKRIERIGQHTRDATIQGLGIAQQAANVAATAR|0.410256
Fruit fly(Drosophila takahashii )|GWLKKLGKRIERIGQHTRDATIQGLGIAQQAANVAATAR|0.410256
Fruit fly(Drosophila yakuba )|GWLKKLGKRIERIGQHTRDATIQGLGIAQQAANVAATAR|0.410256
Silk moth(Bombyx mori )|GNFFKDLEKMGQRVRDAVISAAPAVDTLAKAKALGQ|0.5
Tsetse fly(Glossina morsitans )|GWLKKIGKKIERVGQNTRDATVKGLEVAQQAANVAATVR|0.410256
Magnificent tree frog(Litoria splendida )|GLLSVLGSVAKHVLPHVVPVIAEKL|0.64
Magnificent tree frog(Litoria splendida )|GLLSVLGSVAKHVLPHVVPVIAEHL|0.64
Magnificent tree frog(Litoria splendida )|LSVLGSVAKHVLPHVVPVIAEHL|0.652174
Magnificent tree frog(Litoria splendida )|SVLGSVAKHVLPHVVPVIAEHL|0.636364
Green tree frog(Litoria caerulea )|GLLGVLGSVAKHVLPHVVPVIAEHL|0.64
Green tree frog(Litoria caerulea )|GLLSVLGSVAQHVLPHVVPVIAEHL|0.64
Green tree frog(Litoria caerulea )|GLLSVLGSVVKHVIPHVVPVIAEHL|0.64
Orange-thighed frog(Litoria xanthomera )|GLFSVLGAVAKHVLPHVVPVIAEK|0.666667
Orange-thighed frog(Litoria xanthomera )|FSVLGAVAKHVLPHVVPVIAEK|0.681818
Orange-thighed frog(Litoria xanthomera )|GLFKVLGSVAKHLLPHVAPVIAEK|0.625
Orange-thighed frog(Litoria xanthomera )|FKVLGSVAKHLLPHVAPVIAEK|0.636364
Blue-thighed frog(Litoria chloris )|GLFKVLGSVAKHLLPHVVPVIAEK|0.625
Blue-thighed frog(Litoria chloris )|GLFGVLGSIAKHVLPHVVPVIAEK|0.625
Green-eyed tree frog(Litoria genimaculata )|GLFGVLAKVAAHVVPAIAEHF|0.714286
Green-eyed tree frog(Litoria genimaculata )|FGVLAKVAAHVVPAIAEHF|0.736842
Green-eyed tree frog(Litoria genimaculata )|GLFGVLAKVASHVVPAIAEHFQA|0.652174
Rio Grande leopard frog(Rana berlandieri )|FLPFIAGMAAKFLPKIFCAISKKC|0.75
Rio Grande leopard frog(Rana berlandieri )|FLPAIAGMAAKFLPKIFCAISKKC|0.75
Rio Grande leopard frog(Rana berlandieri )|FLPFIAGVAAKFLPKIFCAISKKC|0.75
Rio Grande leopard frog(Rana berlandieri )|FLPAIAGVAAKFLPKIFCAISKKC|0.75
Rio Grande leopard frog(Rana berlandieri )|FLPAIVGAAAKFLPKIFCVISKKC|0.75
Rio Grande leopard frog(Rana berlandieri )|FLPFIAGMAANFLPKIFCAISKKC|0.75
Edible frog(Rana esculenta )|FLPAIFRMAAKVVPTIICSITKKC|0.708333
Edible frog(Rana esculenta )|FLPLLAGLAANFLPKIFCKITRKC|0.708333
Spotted frog(Rana luteiventris )|FLPMLAGLAASMVPKLVCLITKKC|0.75
Spotted frog(Rana luteiventris )|FLPMLAGLAASMVPKFVCLITKKC|0.75
Northern leopard frog(Rana pipiens )|FLPIIAGVAAKVFPKIFCAISKKC|0.75
Northern leopard frog(Rana pipiens )|FLPIIAGIAAKVFPKIFCAISKKC|0.75
Southern leopard frog(Rana sphenocephala )|FLPAIVGAAGQFLPKIFCAISKKC|0.708333
Southern leopard frog(Rana sphenocephala )|FFPIVAGVAGQVLKKIYCTISKKC|0.625
European common frog(Rana temporaria )|FITLLLRKFICSITKKC|0.588235
Frog(Rana brevipoda porsa )|FLPVLAGIAAKVVPALFCKITKKC|0.75
Wrinkled frog(Rana rugosa )|FLPLLAGLAANFLPTIICKISYKC|0.75
Bull frog(Rana catesbeiana )|FLPFIARLAAKVFPSIICSVTKKC|0.708333
Mediterranean fruit fly(Ceratitis capitata )|GWLKKIGKKIERVGQHTRDATIQTIAVAQQAANVAATAR|0.435897
Mediterranean fruit fly(Ceratitis capitata )|GWLKKIGKKIERVGQHTRDATIQTIGVAQQAANVAATLK|0.410256
Forest day mosquito(Aedes albopictus )|GGLKKLGKKLEGVGKRVFKASEKALPVAVGIKALG|0.457143
Fruit fly(Drosophila sechellia )|GWLKKIGKKIERVGQHTRDATIQGLGVAQQAANVAATAR|0.410256
Forest day mosquito(Aedes albopictus )|GGLKKFGKKLEGVGKRVFKASEKALPVAVGIKALG|0.457143
Yellowfever mosquito(Aedes aegypti )|GGLKKLGKKLEGAGKRVFNAAEKALPVVAGAKAL|0.5
African malaria mosquito(Anopheles gambiae )|GRLKKLGKKIEGAGKRVFKAAEKALPVVAGVKALG|0.485714
African malaria mosquito(Anopheles gambiae )|GRLKKLGKKIEGAGKRVFKAAEKALPVVAGVKAL|0.5
Fruit fly(Drosophila melanogaster )|GWLKKIGKKIERVGQHTRDATIQGLGIAQQAANVAATAR|0.410256
Forest day mosquito(Aedes albopictus )|GGLKKLGKKLEGVGKRVFKASEKALPVLTGYKAIG|0.428571
Forest day mosquito(Aedes albopictus )|GGLKKLGKKLEGVGKRVFKASEKALPVLTGYKAI|0.441176
Forest day mosquito(Aedes albopictus )|GGLKKLGKKLEGVGKRVFKASEKALPVLTGYKAIG|0.428571
Forest day mosquito(Aedes albopictus )|GGLKKLGKKLEGVGKRVFKASEKALPVLTGYKAI|0.441176
Forest day mosquito(Aedes albopictus )|GGLKKLGKKLEGAGKRVFNAAEKALPVVAGAKALG|0.485714
Forest day mosquito(Aedes albopictus )|GGLKKLGKKLEGAGKRVFNAAEKALPVVAGAKALG|0.485714
Fruit fly(Drosophila melanogaster )|GWLKKLGKRIERIGQHTRDATIQGLGIAQQAANVAATAR|0.410256
Flesh fly(Sarcophaga peregrina )|GWLKKIGKKIERVGQHTRDATIQGLGIAQQAANVAATAR|0.410256
Flesh fly(Sarcophaga peregrina )|GWLKKIGKKIERVGQHTRDATIQVIGVAQQAANVAATAR|0.435897
Northern house mosquito(Culex pipiens pipiens )|GGLKKFGKKLEGVGKRVFKASEKALPVVTGFKAL|0.441176
Northern house mosquito(Culex pipiens pipiens )|GRLKKLGKKIEKAGKRVFNAVQKGLPVAAGVQAL|0.470588
Northern house mosquito(Culex pipiens pipiens )|GRSKKLGKKIEKAGKRVFNAAQKGLPVAAGVQAL|0.441176
African malaria mosquito(Anopheles gambiae )|RRFKKFLKKVEGAGRRVANAAQKGLPLAAGVKGLV|0.485714
Stable fly(Stomoxys calcitrans )|ATCDLLSMWNVNHSACAAHCLLLGKSGGRCNDDAVCVCRK|0.525
Yellowfever mosquito(Aedes aegypti )|ATCDLLSGFGVGDSACAAHCIARGNRGGYCNSKKVCVCRN|0.475
Cupreous chafer beetle(Anomala cuprea )|VTCDLLSFEAKGFAANHSICAAHCLAIGRKGGSCQNGVCVCRN|0.511628
-(Zophobas atratus )|FTCDVLGFEIAGTKLNSAACGAHCLALGRRGGYCNSKSVCVCR|0.511628
Yellowfever mosquito(Aedes aegypti )|ATCDLLSGFGVGDSACAAHCIARGNRGGYCNSQKVCVCRN|0.475
Cupreous chafer beetle(Anomala cuprea )|VTCDLLSFEAKGFAANHSICAAHCLVIGRKGGACQNGVCVCRN|0.534884
Yellowfever mosquito(Aedes aegypti )|ATCDLLSGFGVGDSACAAHCIARRNRGGYCNAKKVCVCRN|0.5
Japanese rhinoceros beetle(Allomyrina dichotoma )|VTCDLLSFEAKGFAANHSLCAAHCLAIGRRGGSCERGVCICRR|0.511628
African malaria mosquito(Anopheles gambiae )|ATCDLASGFGVGSSLCAAHCIARRYRGGYCNSKAVCVCRN|0.525
Honeybee(Apis mellifera )|VTCDLLSFKGQVNDSACAANCLSLGKAGGHCEKVGCICRKTSFKDLWDKRF|0.45098
Brown bumblebee(Bombus pascuorum )|VTCDLLSIKGVAEHSACAANCLSMGKAGGRCENGICLCRKTTFKELWDKRF|0.470588
Fruit fly(Drosophila melanogaster )|ATCDLLSKWNWNHTACAGHCIAKGFKGGYCNDKAVCVCRN|0.5
Coconut rhinoceros beetle(Oryctes rhinoceros )|KRLTCDLLSFEAKGFAANHSLCAAHCLAIGRKGGACQNGVCVCRR|0.511111
Green shield bug(Palomena prasina )|ATCDALSFSSKWLTVNHSACAIHCLTKGYKGGRCVNTICNCRN|0.465116
Sandfly(Phlebotomus duboscqi )|ATCDLLSAFGVGHAACAAHCIGHGYRGGYCNSKAVCTCRR|0.525
Black blowfly(Protophormia terraenovae )|ATCDLLSGTGINHSACAAHCLLRGNRGGYCNGKGVCVCRN|0.45
Sap sucking bug(Pyrrhocoris apterus )|ATCDILSFQSQWVTPNHAGCALHCVIKGYKGGQCKITVCHCRR|0.488372
Yellow mealworm(Tenebrio molitor )|VTCDILSVEAKGVKLNDAACAAHCLFRGRSGGYCNGKRVCVCR|0.511628
Udo longicorn beetle(Acalolepta luxuriosa )|FTCDVLSVEAKGVKLNHAACGIHCLFRRRTGGYCNKKRVCICR|0.488372
Flesh fly(Sarcophaga peregrina )|ATCDLLSGIGVQHSACALHCVFRGNRGGYCTGKGICVCRN|0.475
Flesh fly(Sarcophaga peregrina )|ATCDLLSGTGINHSACAAHCLLRGNRGGYCNGKAVCVCRN|0.475
Korean black chafer(Holotrichia diomphalia )|VTCDLLSLQIKGIAINDSACAAHCLAMRRKGGSCKQGVCVCRN|0.511628
Bovine(Bos taurus )|DFASCHTNGGICLPNRCPGHMIQIGICFRPRVKCCRSW|0.526316
Goat(Capra hircus )|SRRSCHRNKGVCALTRCPRNMRQIGTCFGPPVKCCRKK|0.421053
Pig(Sus scrofa )|NIGNSVSCLRNKGVCMPGKCAPKMKQIGTCGMPQVKCCKRK|0.463415
Sheep(Ovis aries )|QGVRNRLSCHRNKGVCVPSRCPRHMRQIGTCRGPPVKCCRKK|0.404762
Bovine(Bos taurus )|VRNHVTCRINRGFCVPIRCPGRTRQIGTCFGPRIKCCRSW|0.475
Sheep(Ovis aries )|HGVTDSLSCRWKKGICVLTRCPGTMRQIGTCFGPPVKCCRLK|0.47619
Bovine(Bos taurus )|QGVRNHVTCRINRGFCVPIRCPGRTRQIGTCFGPRIKCCRSW|0.452381
Bovine(Bos taurus )|QRVRNPQSCRWNMGVCIPFLCRVGMRQIGTCFGPRVPCCRR|0.536585
Bovine(Bos taurus )|QVVRNPQSCRWNMGVCIPISCPGNMRQIGTCFGPRVPCCRRW|0.547619
Bovine(Bos taurus )|QGVRNHVTCRIYGGFCVPIRCPGRTRQIGTCFGRPVKCCRRW|0.47619
Bovine(Bos taurus )|GPLSCRRNGGVCIPIRCPGPMRQIGTCFGRPVKCCRSW|0.526316
Bovine(Bos taurus )|GPLSCGRNGGVCIPIRCPVPMRQIGTCFGRPVKCCRSW|0.552632
Bovine(Bos taurus )|SGISGPLSCGRNGGVCIPIRCPVPMRQIGTCFGRPVKCCRSW|0.52381
Bovine(Bos taurus )|GPLSCRRKGGICILIRCPGPMRQIGTCFGRPVKCCRSW|0.526316
Human(Homo sapiens )|GIINTLQKYYCRVRGGRCAVLSCLPKEEQIGKCSTRGRKCCRRKK|0.4
Bovine(Bos taurus )|NPLSCRLNRGICVPIRCPGNLRQIGTCFTPSVKCCRWR|0.526316
Bovine(Bos taurus )|GFTQGVRNSQSCRRNKGICVPIRCPGSMRQIGTCLGAQVKCCRRK|0.4
Goat(Capra hircus )|NHRSCYRNKGVCAPARCPRNMRQIGTCHGPPVKCCRKK|0.447368
King penguin(Aptenodytes patagonicus )|SFGLCRLRRGFCAHGRCRFPSIPIGRCSRFVQCCRRVW|0.526316
King penguin(Aptenodytes patagonicus )|SFGLCRLRRGFCARGRCRFPSIPIGRCSRFVQCCRRVW|0.526316
Bovine(Bos taurus )|NPVSCVRNKGICVPIRCPGSMKQIGTCVGRAVKCCRKK|0.5
Green monkey(Cercopithecus aethiops )|DHYNCVRSGGQCLYSACPIYTKIQGTCYHGKAKCCK|0.472222
Red-bellied monkey(Cercopithecus erythrogaster )|DHYICVRSGGQCLYSACPIYTKIQGTCYHGKAKCCK|0.5
Preuss's monkey(Cercopithecus preussi )|DHYNCVRSGGQCLYSACPIYTKIQGTCYHGKAKCCK|0.472222
Lowland gorilla(Gorilla gorilla gorilla )|DHYNCVSSGGQCLYSACPIFTKIQGTCYGGKAKCCK|0.472222
Human(Homo sapiens )|DHYNCVSSGGQCLYSACPIFTKIQGTCYRGKAKCCK|0.472222
Crested gibbon(Hylobates concolor )|DHYNCVRSGGQCLYSACPIYTKIQGTCYQGKAKCCK|0.472222
Common gibbon(Hylobates lar )|DHYNCVRSGGQCLYSACPIYTKIQGTCYQGKAKCCK|0.472222
Silvery gibbon(Hylobates moloch )|DHYNCVRSGGQCLYSACPIYTKIQGTCYQGKAKCCK|0.472222
Crab eating macaque(Macaca fascicularis )|DHYNCVRSGGQCLYSACPIYTRIQGTCYHGKAKCCK|0.472222
Rhesus macaque(Macaca mulatta )|DHYNCVRSGGQCLYSACPIYTRIQGTCYHGKAKCCK|0.472222
Chimpanzee(Pan troglodytes )|DHYNCVSSGGQCLYSACPIFTKIQGTCYRGKAKCCK|0.472222
Olive baboon(Papio anubis )|DHYNCVRSGGQCLYSACPIYTRIQGTCYHGKAKCCK|0.472222
Orangutan(Pongo pygmaeus )|DHYNCVSSGGQCLYSACPIFTKIQGTCYRGKAKCCK|0.472222
Silvered langur(Presbytis cristata )|DHYNCVRSGGQCLYSACPIYTKIQGTCYHGKAKCCK|0.472222
Banded langur(Presbytis melalophos )|DHYNCVRSGGQCLYSACPIYTKIQGTCYHGKAKCCK|0.472222
Dusky langur(Presbytis obscurus )|DHYNCVRSGGQCLYSACPIYTKIQGTCYHGKAKCCK|0.472222
Cotton-top tamarin(Saguinus oedipus )|DHYNCVKGGGQCLYSACPIYTKVQGTCYGGKAKCCK|0.472222
Human(Homo sapiens )|GIGDPVTCLKSGAICHPVFCPRRYKQIGTCGLPGTKCCKKP|0.512195
Rhesus macaque(Macaca mulatta )|GIGDPVTCLKNGAICHPVFCPRRYKQIGTCGLPGTKCCKKP|0.512195
Chimpanzee(Pan troglodytes )|GISDPVTCLKSGAICHPVFCPRRYKQIGTCGLPGTKCCKKP|0.512195
Mouse(Mus musculus )|KKINNPVSCLRKGGRCWNRCIGNTRQIGSCGVPFLKCCKRK|0.414634
Mouse(Mus musculus )|QIINNPITCMTNGAICWGPCPTAFRQIGNCGHFKVRCCKIR|0.536585
Rat(Rattus norvegicus )|QSINNPITCLTKGGVCWGPCTGGFRQIGTCGLPRVRCCKKK|0.439024
Mouse(Mus musculus )|QLINSPVTCMSYGGSCQRSCNGGFRLGGHCGHPKIRCCRRK|0.390244
Mouse(Mus musculus )|NEPVSCIRNGGICQYRCIGLRHKIGTCGSPFKCCK|0.457143
Bovine(Bos taurus )|QGVRSYLSCWGNRGICLLNRCPGRMRQIGTCLAPRVKCCR|0.5
Mouse(Mus musculus )|LRDLVCYCRKRGCKGRERMNGTCRKGHLLYTMCCR|0.428571
Mouse(Mus musculus )|LRDLVCYCRSRGCKGRERMNGTCRKGHLLYMLCCR|0.457143
Mouse(Mus musculus )|LRDLVCYCRKRGCKRREHMNGTCRRGHLMYTLCCR|0.428571
Mouse(Mus musculus )|LRDLVCYCRTRGCKRRERMNGTCRKGHLMHTLCCR|0.4
Mouse(Mus musculus )|LRDLVCYCRKRGCKRREHINGTCRKGHLLYMLCCR|0.457143
Mouse(Mus musculus )|LRDLVCYCRSRGCKGRERMNGTCRKGHLMYTLCCR|0.428571
Mouse(Mus musculus )|LRDLVCYCRKRGCKRREHMNGTCRKGHLLYTLCCR|0.428571
Human(Homo sapiens )|ACYCRIPACIAGERRYGTCIYQGRLWAFCC|0.666667
Human(Homo sapiens )|CYCRIPACIAGERRYGTCIYQGRLWAFCC|0.655172
Rhesus macaque(Macaca mulatta )|ACYCRIPACLAGERRYGTCFYLGRVWAFCC|0.7
Golden hamster(Mesocricetus auratus )|VTCFCRRRGCASRERHIGYCRFGNTIYRLCCRR|0.454545
Mouse(Mus musculus )|LRDLVCYCRSRGCKGRERMNGTCRKGHLLYTLCCR|0.428571
Rabbit(Oryctolagus cuniculus )|GICACRRRFCPNSERFSGYCRVNGARYVRCCSRR|0.470588
Rat(Rattus norvegicus )|VTCYCRRTRCGFRERLSGACGYRGRIYRLCCR|0.46875
Rhesus macaque(Macaca mulatta )|ACYCRIPACLAGERRYGTCFYMGRVWAFCC|0.7
Golden hamster(Mesocricetus auratus )|CFCKRPVCDSGETQIGYCRLGNTFYRLCCRQ|0.483871
Mouse(Mus musculus )|LRDLVCYCRTRGCKRRERMNGTCRKGHLMYTLCCR|0.428571
Rat(Rattus norvegicus )|VTCYCRSTRCGFRERLSGACGYRGRIYRLCCR|0.46875
Rhesus macaque(Macaca mulatta )|ACYCRIPACLAGERRYGTCFYRRRVWAFCC|0.666667
Golden hamster(Mesocricetus auratus )|VTCFCRRRGCASRERLIGYCRFGNTIYGLCCRR|0.484848
Mouse(Mus musculus )|LRDLVCYCRKRGCKRRERMNGTCRKGHLMYTLCCR|0.428571
Rabbit(Oryctolagus cuniculus )|VVCACRRALCLPRERRAGFCRIRGRIHPLCCRR|0.575758
Rhesus macaque(Macaca mulatta )|RRTCRCRFGRCFRRESYSGSCNINGRIFSLCCR|0.393939
Rhesus macaque(Macaca mulatta )|RTCRCRFGRCFRRESYSGSCNINGRIFSLCCR|0.40625
Golden hamster(Mesocricetus auratus )|VTCFCKRPVCDSGETQIGYCRLGNTFYRLCCRQ|0.484848
Mouse(Mus musculus )|LRGLLCYCRKGHCKRGERVRGTCGIRFLYCCPRR|0.470588
Rabbit(Oryctolagus cuniculus )|VVCACRRALCLPLERRAGFCRIRGRIHPLCCRR|0.606061
Rat(Rattus norvegicus )|ACYCRIGACVSGERLTGACGLNGRIYRLCCR|0.548387
Human(Homo sapiens )|QARATCYCRTGRCATRESLSGVCEISGRLYRLCCR|0.457143
Rabbit(Oryctolagus cuniculus )|VSCTCRRFSCGFGERASGSCTVNGVRHTLCCRR|0.393939
Rhesus macaque(Macaca mulatta )|RRTCRCRFGRCFRRESYSGSCNINGRISSLCCR|0.363636
Rhesus macaque(Macaca mulatta )|RTCRCRFGRCFRRESYSGSCNINGRISSLCCR|0.375
Mouse(Mus musculus )|DLVCYCRARGCKGRERMNGTCRKGHLLYMLCCR|0.484848
Rabbit(Oryctolagus cuniculus )|VFCTCRGFLCGSGERASGSCTINGVRHTLCCRR|0.424242
Mouse(Mus musculus )|LRDLVCYCRTRGCKRREHMNGTCRKGHLMYTLCCR|0.428571
Rabbit(Oryctolagus cuniculus )|GICACRRRFCLNFEQFSGYCRVNGARYVRCCSRR|0.5
Mouse(Mus musculus )|LRDLVCYCRKRGCKRREHMNGTCRKGHLMYTLCCR|0.428571
Mouse(Mus musculus )|LRDLVCYCRKRGCKRREHMNGTCRKGHLLYMLCCR|0.457143
Rat(Rattus norvegicus )|CSCRTSSCRFGERLSGACRLNGRIYRLCC|0.448276
Chimpanzee(Pan troglodytes )|ACYCRIPACLAGERRYGTCIYQGRLWAFCC|0.666667
Hamadryas baboon(Papio hamadryas )|RICRCRIGRCLGLEVYFGVCFLHGRLARRCCR|0.5625
Human(Homo sapiens )|CYCRIPACIAGERRYGTCIYQGRLWAFCC|0.655172
Hamadryas baboon(Papio hamadryas )|RTCRCRLGRCSRRESYSGSCNINGRIYSLCCR|0.375
Rhesus macaque(Macaca mulatta )|ACYCRIPACLAGERRYGTCFYLRRVWAFCC|0.7
Rat(Rattus norvegicus )|CSCRTSSCRFGERLSGACRLNGRIYRLCC|0.448276
