sequence|source|name|toxic
QFTNVSCTTSKECWSVCQRLHNTSRGKCMNKKCRCYS|Leiurus quinquestriatus hebraeus|ChTX; ChTX-Lq1, ChTx-a, Charybdotoxin|1
QFTQESCTASNQCWSICKRLHNTNRGKCMNKKCRCYS|Leiurus quinquestriatus hebraeus|ChTX-Lq2, ChTx-d, Charybdotoxin-2, Lqh 18-2, Toxin 18-2|1
QFTDVDCSVSKECWSVCKDLFGVDRGKCMGKKCRCYQ|Mesobuthus tamulus|IbTx; Iberiotoxin|1
QFTDVKCTGSKQCWPVCKQMFGKPNGKCMNGKCRCYS|Mesobuthus martensii|BmTX1, Neurotoxin TX1|1
QFTNVSCSASSQCWPVCKKLFGTYRGKCMNSKCRCYS|Mesobuthus martensii|BmTX2, Neurotoxin TX2|1
EVDMRCKSSKECLVKCKQATGRPNGKCMNRKCKCYPR|Parabuthus transvaalicus|PBTx3; Parabutoxin-3|1
TFIDVDCTVSKECWAPCKAAFGVDRGKCMGKKCKCYV|Centruroides noxius|SloTx; Slotoxin|1
QFTDVKCTGTKQCWPVCKKMFGRPNGKCMNGKCRCYP|Mesobuthus eupeus|Toxin MeKTx11-1|1
QFTDVKCTVTKQCWPVCKKMFGRPNGKCMNGKCRCYS|Mesobuthus eupeus|Toxin MeKTx11-3|1
TIINVKCTSPKQCSKPCKELYGSSAGAKCMNGKCKCYNN|Centruroides noxius|NTx; Noxiustoxin, Toxin II.11|1
TIINVKCTSPKQCLPPCKAQFGQSAGAKCMNGKCKCYPH|Centruroides margaritatus|MgTX; Margatoxin|1
ITINVKCTSPQQCLRPCKDRFGQHAGGKCINGKCKCYP|Centruroides limpidus limpidus|CllTx1, Toxin I, Toxin II.10.9.1, Toxin-1|1
TIINEKCFATSQCWTPCKKAIGSLQSKCMNGKCKCYNG|Centruroides noxius|NTx-2, NTx2; Noxiustoxin-2|1
TVIDVKCTSPKQCLPPCKAQFGIRAGAKCMNGKCKCYPH|Centruroides limbatus|HgTX1; Hongotoxin-1|1
TVIDVKCTSPKQCLPPCKEIYGRHAGAKCMNGKCKC|Centruroides limpidus limpidus|CllTx2; Toxin II, Toxin II.10.9.2|1
TVINVKCTSPKQCLKPCKDLYGPHAGAKCMNGKCKCYNN|Centruroides elegans|Toxin Ce1|1
TIINVKCTSPKQCLKPCKDLYGPHAGAKCMNGKCKCYNN|Centruroides elegans|Toxin Ce2|1
IFINVKCSLPQQCLRPCKDRFGQHAGGKCINGKCKCYP|Centruroides elegans|Toxin Ce3|1
TIINVKCTSPKQCLLPCKEIYGIHAGAKCMNGKCKCYKI|Centruroides elegans|Toxin Ce4|1
TIINVKCTSPKQCLPPCKEIYGRHAGAKCMNGKCHCSKI|Centruroides elegans|Toxin Ce5|1
IFINVKCSSPQQCLKPCKAAFGISAGGKCINGKCKCYP|Centruroides suffusus suffusus|Toxin Css20|1
TIINVKCTSPKQCVPACKAAMGTVRAKCINGKCKCYI|Rhopalurus garridoi|Potassium channel toxin alpha-KTx 2.14|1
GVEINVKCSGSPQCLKPCKDAGMRFGKCMNRKCHCTPK|Androctonus mauretanicus mauretanicus|KTX-1; Kaliotoxin-1|1
GVPINVSCTGSPQCIKPCKDAGMRFGKCMNRKCHCTPK|Leiurus quinquestriatus hebraeus|AgTx-2, AgTx2; Agitoxin-2|1
GVPINVPCTGSPQCIKPCKDAGMRFGKCMNRKCHCTPK|Leiurus quinquestriatus hebraeus|AgTx-3, AgTx3; Agitoxin-3|1
GVPINVKCTGSPQCLKPCKDAGMRFGKCINGKCHCTPK|Leiurus quinquestriatus hebraeus|AgTx-1, AgTx1, LeTx II; Agitoxin-1, Leiurotoxin II, Leiurotoxin-2|1
VRIPVSCKHSGQCLKPCKDAGMRFGKCMNGKCDCTPK|Androctonus australis|KTX-2; Kaliotoxin-2|1
VGINVKCKHSGQCLKPCKDAGMRFGKCINGKCDCTPK|Mesobuthus martensii|BmKTX, Kaliotoxin|1
GVIINVKCKISRQCLEPCKKAGMRFGKCMNGKCHCTPK|Orthochirus scrobiculosus|OsK1; OsK-1|1
GVPINVKCRGSPQCIQPCRDAGMRFGKCMNGKCHCTPQ|Hottentotta tamulus sindicus|Bs6; Charybdotoxin-like peptide Bs 6|1
VGIPVSCKHSGQCIKPCKDAGMRFGKCMNRKCDCTPK|Buthus occitanus tunetanus|KTX-3; Kaliotoxin-3|1
GVPINVKCRGSRDCLDPCKKAGMRFGKCINSKCHCTP|Buthus occitanus israelis|BoiTx1|1
GVPTDVKCRGSPQCIQPCKDAGMRFGKCMNGKCHCTPK|Odontobuthus doriae|OdK2|1
GVEINVKCTGSHQCIKPCKDAGMRFGKCINRKCHCTPK|Androctonus amoreuxi|Aam-KTX; Kaliotoxin analog|1
VGINVKCKHSGQCLKPCKDAGMRFGKCMNGKCDCTPK|Mesobuthus eupeus|MeuKTx-3|1
KEIPVKCKHSGQCLQPCKDAGMRFGKCMNGKCNCTPK|Mesobuthus gibbosus|MegKTx4, Tx4|1
GVPINVKCSGSRDCLEPCKKAGMRFGKCINRKCHCTPK|Buthus paris|Toxin BoPKTX|1
REIPVKCKGSKQCLQSCKEAGMTYGKCMNGKCNCTPK|Mesobuthus eupeus|Toxin MeKTx13-2|1
VGINVKCKHSGQCLKPCKDAGMRFGKCINGKCDCTPK|Mesobuthus eupeus|Toxin MeKTx13-3|1
VFINAKCRGSPECLPKCKEAIGKAAGKCMNGKCKCYP|Tityus serrulatus|TsTX-K-alpha, TyKalpha; TSK4, Tityustoxin K-alpha, Toxin II-9, Ts7|1
VVIGQRCYRSPDCYSACKKLVGKATGKCTNGRCDC|Tityus serrulatus|TsK, TsKappa; Neurotoxin Ts-kappa, Ts9|1
VFINVKCTGSKQCLPACKAAVGKAAGKCMNGKCKCYT|Tityus discrepans|Toxin TdK1|1
VFINVKCRGSKECLPACKAAVGKAAGKCMNGKCKCYP|Tityus obscurus|Toxin Tc30, Toxin To30|1
VFINAKCRGSPECLPKCKQAIGKAAGKCMNGKCKCYP|Tityus stigmurus|Tst26|1
AFCNLRMCQLSCRSLGLLGKCIGDKCECVKH|Leiurus quinquestriatus hebraeus|LeTx I, ScyTx; Leiurotoxin I, Leiurotoxin-1, Scyllatoxin|1
TVCNLRRCQLSCRSLGLLGKCIGVKCECVKH|Androctonus mauretanicus mauretanicus|AmP05, Leiurotoxin I-like toxin P05|1
AVCNLKRCQLSCRSLGLLGKCIGDKCECVKH|Mesobuthus martensii|Neurotoxin BmP05, Potassium ion channel blocker P05|1
AFCNLRRCELSCRSLGLLGKCIGEECKCVPY|Mesobuthus tamulus|Tamapin|1
AFCNLRRCELSCRSLGLLGKCIGEECKCVPH|Mesobuthus tamulus|Tamapin-2|1
LVKCRGTSDCGRPCQQQTGCPNSKCINRMCKCYGC|Pandinus imperator|Pi-1, Pi1; PiTX-K-gamma, Potassium channel-blocking toxin 1|1
VSCTGSKDCYAPCRKQTGCPNAKCINKSCKCYGC|Scorpio maurus palmatus|MTX; Maurotoxin|1
ASCRTPKDCADPCRKETGCPYGKCMNRKCKCNRC|Heterometrus spinifer|Neurotoxin HsTX1|1
IEAIRCGGSRDCYRPCQKRTGCPNAKCINKTCKCYGCS|Pandinus imperator|Pi-4, Pi4; Potassium channel-blocking toxin 4|1
DEAIRCTGTKDCYIPCRYITGCFNSRCINKSCKCYGCT|Pandinus imperator|Pi7; Pi-7, Toxin-7|1
VHTNIPCRGTSDCYEPCEKKYNCARAKCMNRHCNCYNNCPW|Opisthacanthus madagascariensis|Male-specific potassium channel inhibitor IsTX|1
QKECTGPQHCTNFCRKNKCTHGKCMNRKCKCFNCK|Anuroctonus phaiodactylus|Anuroctoxin|1
IRCSGSRDCYSPCMKQTGCPNAKCINKSCKCYGC|Heterometrus spinifer|Spinoxin|1
TGTSCISPKQCTEPCRAKGCKHGKCMNRKCHCMLCL|Hadrurus gertschi|HgeTx1|1
IKCTLSKDCYSPCKKETGCPRAKCINRNCKCYGCS|Hemiscorpius lepturus|Hemitoxin|1
IRCQGSNQCYGHCREKTGCMNGKCINRVCKCYGC|Opisthacanthus cayaporum|Toxin OcyKTx2|1
GDIKCSGTRQCWGPCKKQTTCTNSKCMNGKCKCYGCV|Urodacus yaschenkoi|Urotoxin|1
ISCTGSKQCYDPCKKKTGCPNAKCMNKSXXCYGC|Heterometrus laoticus|Potassium channel toxin alpha-KTx 6 hetlaxin|1
TISCTNPKQCYPHCKKETGYPNAKCMNRKCKCFGR|Pandinus imperator|Pi-2, Pi2; Pandinotoxin-alpha, Potassium channel-blocking toxin 2, Toxin PiTX-K-alpha|1
TISCTNEKQCYPHCKKETGYPNAKCMNRKCKCFGR|Pandinus imperator|Pi-3, Pi3; Pandinotoxin-beta, Potassium channel-blocking toxin 3, Toxin PiTX-K-beta|1
VSCEDCPEHCSTQKAQAKCDNDKCVCEPI|Androctonus mauretanicus mauretanicus|AmP01, Neurotoxin P01|1
ATCEDCPEHCATQNARAKCDNDKCVCEPK|Mesobuthus martensii|Neurotoxin BmP01, Potassium ion channel blocker P01|1
VSCEDCPDHCSTQKARAKCDNDKCVCEPK|Leiurus quinquestriatus hebraeus|LpIII; Leiuropeptide III, Leiuropeptide-3|1
VSCEDCPEHCSTQKARAKCDNDKCVCESV|Odontobuthus doriae|OdK1|1
VSCEDCPEHCATKDQRAKCDNDKCVCEPK|Mesobuthus eupeus|Toxin MeuKTx-1|1
VSCEDCPPHCATKDQRAKCENDKCVCEPK|Mesobuthus eupeus|Toxin MeKTx1-2|1
VGCEECPMHCKGKNAKPTCDDGVCNCNV|Mesobuthus martensii|BmKK6, Neurotoxin BmP02, Potassium ion channel blocker P02, Toxin Kk6|1
VGCEECPMHCKGKNANPTCDDGVCNCNV|Mesobuthus martensii|Neurotoxin BmP03, Potassium ion channel blocker P03|1
VGCEECPMHCKGKNAKPTCDNGVCNCNV|Leiurus quinquestriatus hebraeus|LpI; Leiuropeptide I, Leiuropeptide-1|1
VGCAECPMHCKGKMAKPTCENEVCKCNIGKKD|Mesobuthus tamulus|Bt BTK-2, Toxin BTK-2|1
VGCEECPMHCKGKHAVPTCDDGVCNCNV|Buthus occitanus tunetanus|Neurotoxin Kbot1|1
VGCEECPAHCKGKNAKPTCDDGVCNCNV|Hottentotta judaicus|BjTx-1, Neurotoxin Tx-1|1
VGCEECPAHCKGKNAIPTCDDGVCNCNV|Hottentotta judaicus|BjTx-2, Neurotoxin Tx-2|1
VGCEECPMHCKGKKALPTCDYGCECND|Mesobuthus gibbosus|Toxin MegKTx2|1
VGCEEDPMHCKGKQAKPTCCNGVCNCNV|Hottentotta tamulus sindicus|Peptide 2;Peptide II|1
AVCVYRTCDKDCKRRGYRSGKCINNACKCYPY|Centruroides noxius|CoTx1; Cobatoxin-1, gtIX|1
VACVYRTCDKDCTSRKYRSGKCINNACKCYPY|Centruroides noxius|CoTx2; Cobatoxin-2|1
DEEPKESCSDEMCVIYCKGEEYSTGVCDGPQKCKCSD|Parabuthus villosus|PBTx1; Parabutoxin-1|1
DEEPKETCSDEMCVIYCKGEEYSTGVCDGPQKCKCSD|Parabuthus villosus|PBTx2; Parabutoxin-2|1
DEEPKETCSDDMCVIYCKGEEFSTGACDGPQKCKCS|Parabuthus granulatus|PBTx10; Parabutoxin-10|1
VPTGGCPLSDSLCAKYCKSHKFGKTGRCTGPNKMKCKCLV|Lychas mucronatus|Toxin KTx8;LmKTx8|1
NEAVPTGGCPFSDFFCAKRCKDMKFGNTGRCTGPNKTVCKCSI|Mesobuthus martensii|Potassium channel toxin alpha-KTx J123|1
WCSTCLDLACGASRECYDPCFKAFGRAHGKCMNNKCRCYT|Tityus serrulatus|BuTX; Butantoxin, Ts6, TsTX-IV|1
WCSTCLDLACGASRECYDPCFKAFGRAHGKCMNNKCRCYT|Tityus trivittatus|BuTX; Butantoxin, TtBut|1
WCSTCLDLECGASRECYDPCFKAFGRAHGKCMNNKCRCYT|Tityus costatus|Butantoxin-like peptide, Tco30|1
WCSTCLDLACGASRECYDPCFKAFGRAHGKCMNNKCRCYT|Tityus stigmurus|BuTX, TstBut; Butantoxin|1
QKHTDIKCSSSSSCYEPCRGVTGRAHGKCMNGRCTCYY|Lychas mucronatus|LmKTx10; Toxin alpha-KTx10|1
ACGSCRKKCKGSGKCINGRCKCY|Tityus obscurus|Toxin Tc1, Toxin To1|1
ACGPGCSGSCRQKGDRIKCINGSCHCYP|Orthochirus scrobiculosus|OsK-2, OsK2|1
ACGSCRKKCKGPGKCINGRCKCY|Tityus pachyurus|Toxin Tpa1|1
GCRQCGGGCNKHGKCINGKCKCY|Tityus stigmurus|Toxin Tst-17|1
TPFAIKCATDADCSRKCPGNPPCRNGFCACT|Mesobuthus martensii|BmKK2, BmTXKS3, KK1, Neurotoxin BmP07, Potassium ion channel blocker P07, Toxin Kk2|1
TPFAIKCATNADCSRKCPGNPPCRNGFCACT|Mesobuthus martensii|BmSKTx1, Neurotoxin SKTx1|1
QNETNKKCQGGSCASVCRRVIGVAAGKCINGRCVCYP|Androctonus australis|Peptide Aa1|1
QVETNVKCQGGSCASVCRKAIGVAAGKCINGRCVCYP|Mesobuthus martensii|BmTX3, BmTX3A|1
QIETNKKCQGGSCASVCRKVIGVAAGKCINGRCVCYP|Androctonus mauretanicus mauretanicus|Toxin AmmTX3|1
QIDTNVKCSGSSKCVKICIDRYNTRGAKCINGRCTCYP|Tityus discrepans|Discrepin|1
QVQTNKKCKGGSCASVCAKEIGVAAGKCINGRCVCYP|Androctonus amoreuxi|Neurotoxin AamTX|1
QIHTNQPCTSNNTRCRTYCIKVHKINSGKCMNSKCVCHP|Chaerilus tricostatus|Potassium channel toxin alpha-KTx Ctri9577|1
DLIDVKCISSQECWIACKKVTGRFEGKCQNRQCRCY|Mesobuthus tamulus|TmTX; Alpha-KTx 1.8, Tamulotoxin|1
FGLIDVKCFASSECWTACKKVTGSGQGKCQNNQCRCY|Mesobuthus martensii|BmK 622, BmTx3B, Martentoxin|1
FGLIDVKCSASRECWVACKKVTGSGQGKCQNNQCRCY|Mesobuthus eupeus|Alpha-KTx MeuTx3B, MeuKTx-4|1
GLIDVRCYDSRQCWIACKKVTGSTQGKCQNKQCRCY|Leiurus quinquestriatus hebraeus|Lqh 15-1, Toxin 15-1, alpha-KTx 1.7|1
GLIDVRCYASRECWEPCRRVTGSAQAKCQNNQCRCY|Buthus occitanus israelis|Toxin Tx608|1
FGLIDVKCSASRECWVACKKVTGSGQGKCQNNQCRCY|Mesobuthus gibbosus|Alpha-KTx 16.5, MegKTx3|1
GLIDVKCYASRECWEPCRKVTGSGQAKCQNNQCRCY|Buthus paris|Toxin BoP1|1
GLIDVRCYASRECWEPCRKVTGSGQAKCQNNQCRCY|Buthus paris|Toxin BoP2|1
QTQCQSVRDCQQYCLTPDRCSYGTCYCKTT|Mesobuthus martensii|BmKK4, Toxin Kk4, Toxin TXKs4|1
QRQCQNVQNCYKYCMSPKKCEYGTCYCEPSP|Mesobuthus martensii|Toxin BmKK12|1
QRQCERLRDCYKYCMSPKRCTYGTCYCEPSP|Mesobuthus martensii|Toxin BmKK16|1
TGPQTTCQAAMCEAGCKGLGKSMESCQGDTCKCKA|Tityus obscurus|Toxin Tc32, Toxin To32|1
TGPQTTCQASTCEAGCKQIGKSMKSCQGDTCECA|Tityus discrepans|Toxin TdK2|1
GEGPKSDCKPDLCEAACKDLGKPMDFCKDGTCKCKD|Tityus discrepans|Toxin TdK3|1
AACYSSDCRVKCVAMGFSSGKCINSKCKCYK|Mesobuthus martensii|BmK37, Neurotoxin BmBKTx1|1
GCTPEYCSMWCKVKVSQNYCVKNCKCPGR|Tityus trivittatus|Toxin Tt28|1
GCMKEYCAGQCRGKVSQDYCLKHCKCIPR|Tityus serrulatus|Toxin Ts16;Tityustoxin-16|1
GCMPEYCAGQCRGKVSQDYCLKNCRCIR|Tityus trivittatus|Kappa-buthitoxin-Tt2b;Kappa-BUTX-Tt2b|1
GKFGKCKPNICAKTCQTEKGKGMGYCNKTECVCSEW|Tityus serrulatus|Ts15; Tityustoxin-15|1
AAAISCVGSPECPPKCRAQGCKNGKCMNRKCKCYYC|Vaejovis mexicanus smithi|Toxin Vm24, Toxin alpha-KTx 21.1|1
AAAISCVGSKECLPKCKAQGCKSGKCMNKKCKCYC|Vaejovis mexicanus smithi|Toxin Vm23, Toxin alpha-KTx 21.2|1
NFKVEGACSKPCRKYCIDKGARNGKCINGRCHCYY|Mesobuthus martensii|Potassium channel blocker alpha-KTx 26.1;Neurotoxin BmK86|1
ACVTHEDCTLLCYDTIGTCVDGKCKCM|Isometrus maculatus|Neurotoxin alpha-KTx 28.1;Toxin ImKTx104|1
EGDCPISEAIKCVEKCKEKVEVCEPGVCKCSG|Lychas mucronatus|Neurotoxin alpha-KTx 29.1;Neurotoxin-F, Toxin LmKTx2|1
EADCPISEAIKCVEKCKEKVEVCEPGVCKCSG|Lychas mucronatus|Neurotoxin alpha-KTx 29.2;Neurotoxin KTx3, Toxin LmKTx71|1
EDKLKCTKTDDCAKYCSQFTDVHPACLGGYCECLRWEGGISS|Scorpiops margerisonae|Neurotoxin alpha-KTx 30.1;Toxin SjKTx23, Toxin StKTx23|1
KIKSGWERLTSESEYACPAIDKFCEDHCAAKKAVGKCDDFKCNCIKL|Tityus costatus|Potassium channel toxin TcoKIK|1
KIKAGWDKLTSKSEYACPVIDKFCEDHCAAKNAIGKCDDFKCQCLNS|Tityus discrepans|TdKIK|1
KDKMKAGWERLTSQSEYACPAIDKFCEDHCAAKKAVGKCDDFKCKCIKL|Tityus stigmurus|Toxin 5536, beta-Ktx|1
KMKNSWNRLTSMSEYACPVIEKWCEDHCQAKNAIGRCENTECKCLSK|Mesobuthus eupeus|BeL-5, BeL-69|1
DRDSCVDKSRCAKYGYYQECQDCCKNAGHNGGTCMFFKCKCA|Centruroides noxius|CnErg1, CnErgTx1, ErgTx, ErgTx1; Ergtoxin|1
DRDSCVDKSRCSKYGYYQECQDCCKKAGHNGGTCMFFKCKCA|Centruroides limpidus limpidus|CllErg1; CllErgTx1, Ergtoxin-like protein|1
DRDSCVDKSRCSKYGYYQECQDCCKKAGHNGGTCMFFKCKCA|Centruroides elegans|CeErg4; CeErgTx4|1
DRDSCIDKSRCSKYGYYQECQDCCKKAGHNGGTCMFFKCKCA|Centruroides elegans|CeErg5; CeErgTx5|1
RPTDIKCSESYQCFPVCKSRFGKTNGRCVNGFCDCF|Mesobuthus eupeus|BeKm1; Neurotoxin BeKm-1|1
RPTDIKCSASYQCFPVCKSRFGKTNGRCVNGLCDCF|Mesobuthus martensii|BmKK7, BmKKx2|1
GRDSCVNKSRCAKYGYYSQCEVCCKKAGHKGGTCDFFKCKCKV|Centruroides noxius|CnErg2, ErgTx2; CnErgTx2, Ergtoxin-2, Ergtoxin-like protein|1
DRDSCVDKSKCSKYGYYGQCDECCKKAGDRAGNCVYFKCKCNP|Centruroides limpidus limpidus|CllErg2, ErgTx2; CllErgTx2, Ergtoxin-like protein|1
ERDSCVEKSKCGKYGYYGQCDECCKKAGDRAGTCVYYKCKCNP|Centruroides sculpturatus|CsEKerg1|1
GHACYRNCWREGNDEETCKERC|Heterometrus fulvipes|Kappa-HfTx1; Kappa-hefutoxin-1|1
GHACYRNCWREGNDEETCKERCG|Heterometrus fulvipes|Kappa-HfTx2; Kappa-hefutoxin-2|1
GFGCYRSCWKAGHDEETCKKECS|Heterometrus spinifer|Potassium channel toxin kappa-KTx 1.3|1
DPCYEVCLQQHGNVKECEEACKHPVE|Opisthacanthus madagascariensis|Toxin OmTx1|1
DPCYEVCLQQHGNVKECEEACKHPVEY|Opisthacanthus madagascariensis|Toxin OmTx2|1
NDPCEEVCLQHTGNVKACEEACQ|Opisthacanthus madagascariensis|Toxin OmTx3|1
DPCYEVCLQQHGNVKECEEACKHP|Opisthacanthus madagascariensis|Toxin OmTx4|1
YDACVNACLEHHPNVRECEEACKNPVPP|Opisthacanthus cayaporum|OcyC8, OcyKTx6|1
GNACIEVCLQHTGNPAECDKACD|Heterometrus petersii|HSP053C.1, Toxin HeTx203, Toxin kappa-KTx 2.6|1
GNACIEVCLQHTGNPAECDKPCDK|Heterometrus petersii|HSP053C.2, Toxin HeTx204, Toxin kappa-KTx 2.7|1
SCKKECSGSRRTKKCMQKCNREHGH|Heterometrus laoticus|HelaTx1|1
SQPTECKYGRPCNSDRDCCWEYRCLSSGREYTCKQDPGP|Isometrus maculatus|ImKTx1|1
GCNRLNKKCNSDADCCRYGERCISTGVNYYCRPDFGP|Mesobuthus eupeus|Neurotoxin lambda-MeuTx;Calcium channel toxin-like peptide-1|1
